2186fa	push	r:rbp
2186fb	push	r:r15
2186fd	push	r:r14
2186ff	push	r:r13
218701	push	r:r12
218703	push	r:rbx
218704	sub	r:rsp i:0x108
21870b	mov	r:rbx r:rsi
21870e	mov	r:rsi m:rdi::1:0x58:8
218712	cmp	r:rbx r:rsi
218715	jae	i:0x219335
21871b	mov	r:r14 r:rdi
21871e	mov	r:rdi m:rdi::1:0x50:8
218722	imul	r:rbp r:rbx i:0x38
218726	cmp	m:rdi:rbp:1:0x30:1 i:0x0
21872b	jne	i:0x219282
218731	mov	r:r15 r:rcx
218734	mov	r:r13 r:rdx
218737	mov	r:r12 m:rsp::1:0x158:8
21873f	cmp	m:rsp::1:0x140:8 r:r9
218747	jne	i:0x21879d
218749	mov	r:ecx i:0x8
21874e	mov	r:rdx r:rbx
218751	xor	r:r8d r:r8d
218754	call	i:0x216605
218759	test	r:al r:al
21875b	je	i:0x219282
218761	mov	r:rbp m:r12::1:0x0:8
218765	mov	r:rax r:rbp
218768	neg	r:rax
21876b	jno	i:0x21886d
218771	mov	r:r10 m:r12::1:0x8:8
218776	cmp	r:r10 i:0x1
21877a	mov	r:rdi m:rsp::1:0x148:8
218782	jne	i:0x218e96
218788	lea	r:rcx m:r12::1:0x10:8
21878d	mov	r:eax i:0x8
218792	mov	r:r9d i:0x1
218798	jmp	i:0x218892
21879d	mov	m:rsp::1:0x68:8 r:r15
2187a2	mov	m:rsp::1:0x8:8 r:r8
2187a7	mov	m:rsp::1:0x10:8 r:r9
2187ac	mov	r:rcx m:rsp::1:0x150:8
2187b4	movabs	r:r8 i:-0x8000000000000000
2187be	xor	r:eax r:eax
2187c0	cmp	r:rax m:rcx::1:0x0:8
2187c3	jno	i:0x2187e0
2187c5	mov	r:r15 r:r13
2187c8	cmp	m:rcx::1:0x8:4 i:0x1
2187cc	je	i:0x2187ea
2187ce	lea	r:rdi m:rsp::1:0x40:8
2187d3	mov	r:rsi r:rcx
2187d6	mov	r:r13 r:r8
2187d9	call	i:0x23ac5e
2187de	jmp	i:0x218811
2187e0	mov	r:r15 r:r13
2187e3	cmp	m:rcx::1:0x10:8 i:0x0
2187e8	je	i:0x2187ce
2187ea	lea	r:rax m:r8::1:0x1:8
2187ee	lea	r:rsi m:rsp::1:0xb0:8
2187f6	mov	m:rsi::1:0x0:8 r:rax
2187f9	mov	m:rsi::1:0x8:8 r:rcx
2187fd	lea	r:rdi m:rsp::1:0x40:8
218802	xor	r:edx r:edx
218804	mov	r:ecx i:0x1
218809	mov	r:r13 r:r8
21880c	call	i:0x23f0e9
218811	mov	r:r8 m:r12::1:0x0:8
218815	cmp	r:r8 r:r13
218818	mov	r:r9 r:r13
21881b	mov	m:rsp::1:0x18:8 r:r15
218820	jne	i:0x218843
218822	mov	r:r13 m:r12::1:0x8:8
218827	cmp	r:r13 i:0x1
21882b	jne	i:0x2188a1
21882d	lea	r:rcx m:r12::1:0x10:8
218832	mov	r:eax i:0x8
218837	mov	r:edx i:0x1
21883c	mov	m:rsp::1:0x58:8 r:rdx
218841	jmp	i:0x218861
218843	mov	r:rdx m:r12::1:0x8:8
218848	mov	r:rax m:r12::1:0x10:8
21884d	test	r:rax r:rax
218850	mov	m:rsp::1:0x58:8 r:rdx
218855	je	i:0x2188b0
218857	shl	r:rax i:0x3
21885b	mov	r:r13 r:rdx
21885e	mov	r:rcx r:rdx
218861	mov	r:rcx m:rcx::1:0x0:8
218864	cmp	r:rax i:0x8
218868	sete	r:al
21886b	jmp	i:0x2188b7
21886d	mov	r:r9 m:r12::1:0x8:8
218872	mov	r:rax m:r12::1:0x10:8
218877	test	r:rax r:rax
21887a	mov	r:rdi m:rsp::1:0x148:8
218882	je	i:0x218e9f
218888	shl	r:rax i:0x3
21888c	mov	r:r10 r:r9
21888f	mov	r:rcx r:r9
218892	mov	r:rcx m:rcx::1:0x0:8
218895	cmp	r:rax i:0x8
218899	sete	r:al
21889c	jmp	i:0x218ea6
2188a1	mov	r:al i:0x1
2188a3	mov	m:rsp::1:0x58:8 i:0x0
2188ac	xor	r:ecx r:ecx
2188ae	jmp	i:0x2188b7
2188b0	xor	r:ecx r:ecx
2188b2	mov	r:al i:0x1
2188b4	mov	r:r13 r:rdx
2188b7	mov	r:rdx r:rcx
2188ba	shr	r:rdx i:0x20
2188be	mov	m:rsp::1:0x60:8 r:r8
2188c3	jne	i:0x218902
2188c5	test	r:al r:al
2188c7	je	i:0x218902
2188c9	test	r:rcx r:rcx
2188cc	je	i:0x21931d
2188d2	mov	r:rdi m:rsp::1:0x40:8
2188d7	cmp	r:rdi r:r9
2188da	mov	r:r15 m:rsp::1:0x140:8
2188e2	jne	i:0x218991
2188e8	cmp	m:rsp::1:0x48:4 i:0x1
2188ed	jne	i:0x2189b6
2188f3	mov	r:esi i:0x8
2188f8	lea	r:r8 m:rsp::1:0x50:8
2188fd	jmp	i:0x2189a4
218902	lea	r:rax m:rsp::1:0x40:8
218907	lea	r:rsi m:rsp::1:0xf0:8
21890f	mov	m:rsi::1:0x8:8 r:rax
218913	lea	r:rax m:r9::1:0x1:8
218917	mov	m:rsi::1:0x0:8 r:rax
21891a	lea	r:rdx m:rsp::1:0x90:8
218922	mov	m:rdx::1:0x8:8 r:r12
218926	mov	m:rdx::1:0x0:8 r:rax
218929	lea	r:r15 m:rsp::1:0xb0:8
218931	mov	r:rdi r:r15
218934	call	i:0x240337
218939	movabs	r:r9 i:-0x8000000000000000
218943	movups	r:xmm0 m:r15::1:0x18:16
218948	movaps	m:rsp::1:0x70:16 r:xmm0
21894d	mov	r:rax m:r15::1:0x28:8
218951	mov	m:rsp::1:0x80:8 r:rax
218959	mov	r:rdi m:r15::1:0x0:8
21895c	cmp	r:rdi r:r9
21895f	je	i:0x218982
218961	mov	r:rsi m:rsp::1:0xb8:8
218969	mov	r:edx i:0x8
21896e	mov	r:ecx i:0x8
218973	call	i:0x2361a3
218978	movabs	r:r9 i:-0x8000000000000000
218982	mov	r:rdi m:rsp::1:0x40:8
218987	mov	r:r15 m:rsp::1:0x140:8
21898f	jmp	i:0x2189d2
218991	mov	r:rsi m:rsp::1:0x50:8
218996	test	r:rsi r:rsi
218999	je	i:0x2189b6
21899b	mov	r:r8 m:rsp::1:0x48:8
2189a0	shl	r:rsi i:0x3
2189a4	xor	r:edx r:edx
2189a6	mov	r:rax m:r8:rsi:1:-0x8:8
2189ab	div	r:rcx
2189ae	add	r:rsi i:-0x8
2189b2	jne	i:0x2189a6
2189b4	jmp	i:0x2189b8
2189b6	xor	r:edx r:edx
2189b8	xor	r:eax r:eax
2189ba	test	r:rdx r:rdx
2189bd	setne	r:al
2189c0	mov	m:rsp::1:0x70:8 r:r9
2189c5	mov	m:rsp::1:0x78:8 r:rax
2189ca	mov	m:rsp::1:0x80:8 r:rdx
2189d2	cmp	r:rdi r:r9
2189d5	je	i:0x2189f5
2189d7	mov	r:rsi m:rsp::1:0x48:8
2189dc	mov	r:edx i:0x8
2189e1	mov	r:ecx i:0x8
2189e6	call	i:0x2361a3
2189eb	movabs	r:r9 i:-0x8000000000000000
2189f5	mov	r:rsi m:r14::1:0x58:8
2189f9	cmp	r:rbx r:rsi
2189fc	jae	i:0x219344
218a02	cmp	r:r15 m:rsp::1:0x10:8
218a07	jae	i:0x21934d
218a0d	mov	r:rcx m:r14::1:0x50:8
218a11	lea	r:rax m:rcx:rbp:1:0x0:8
218a15	mov	r:rdx m:rsp::1:0x8:8
218a1a	mov	r:r12 m:rdx:r15:8:0x0:8
218a1e	mov	m:rsp::1:0x38:8 r:r12
218a23	shr	r:r12 i:0x6
218a27	cmp	m:rcx:rbp:1:0x0:8 r:r9
218a2b	jne	i:0x218a41
218a2d	cmp	m:rax::1:0x8:4 i:0x1
218a31	jne	i:0x218aa1
218a33	add	r:rax i:0x10
218a37	mov	r:edx i:0x1
218a3c	mov	r:rcx r:rax
218a3f	jmp	i:0x218a49
218a41	mov	r:rcx m:rax::1:0x8:8
218a45	mov	r:rdx m:rax::1:0x10:8
218a49	cmp	r:r12 r:rdx
218a4c	jae	i:0x218aa1
218a4e	mov	r:rax m:rcx:r12:8:0x0:8
218a52	mov	r:rcx m:rsp::1:0x38:8
218a57	bt	r:rax r:rcx
218a5b	jae	i:0x218aa1
218a5d	inc	r:r15
218a60	lea	r:rax m:rsp::1:0x70:8
218a65	mov	r:rdi r:r14
218a68	mov	r:rsi r:rbx
218a6b	mov	r:rdx m:rsp::1:0x18:8
218a70	mov	r:rcx m:rsp::1:0x68:8
218a75	mov	r:r8 m:rsp::1:0x8:8
218a7a	mov	r:r9 m:rsp::1:0x10:8
218a7f	push	m:rsp::1:0x158:8
218a86	push	r:rax
218a87	push	m:rsp::1:0x158:8
218a8e	push	r:r15
218a90	call	i:0x2186fa
218a95	add	r:rsp i:0x20
218a99	mov	r:rbx r:rax
218a9c	jmp	i:0x218d06
218aa1	lea	r:r15 m:rsp::1:0x40:8
218aa6	mov	r:rdi r:r15
218aa9	mov	r:rsi m:rsp::1:0x148:8
218ab1	mov	r:rdx m:rsp::1:0x150:8
218ab9	call	i:0x21936a
218abe	movabs	r:r9 i:-0x8000000000000000
218ac8	cmp	m:rsp::1:0x60:8 r:r9
218acd	jne	i:0x218ae9
218acf	test	m:rsp::1:0x58:1 i:0x1
218ad4	je	i:0x218b0b
218ad6	mov	r:rax m:rsp::1:0x158:8
218ade	lea	r:r13 m:rax::1:0x10:8
218ae2	mov	r:eax i:0x8
218ae7	jmp	i:0x218afe
218ae9	mov	r:rax m:rsp::1:0x158:8
218af1	mov	r:rax m:rax::1:0x10:8
218af5	test	r:rax r:rax
218af8	je	i:0x218b0b
218afa	shl	r:rax i:0x3
218afe	mov	r:rcx m:r13::1:0x0:8
218b02	cmp	r:rax i:0x8
218b06	sete	r:al
218b09	jmp	i:0x218b0f
218b0b	mov	r:al i:0x1
218b0d	xor	r:ecx r:ecx
218b0f	mov	r:rdx r:rcx
218b12	shr	r:rdx i:0x20
218b16	jne	i:0x218b55
218b18	test	r:al r:al
218b1a	je	i:0x218b55
218b1c	test	r:rcx r:rcx
218b1f	je	i:0x21931d
218b25	mov	r:rdi m:rsp::1:0x40:8
218b2a	cmp	r:rdi r:r9
218b2d	mov	r:r15 m:rsp::1:0x140:8
218b35	jne	i:0x218be4
218b3b	cmp	m:rsp::1:0x48:4 i:0x1
218b40	jne	i:0x218c09
218b46	mov	r:esi i:0x8
218b4b	lea	r:r8 m:rsp::1:0x50:8
218b50	jmp	i:0x218bf7
218b55	lea	r:rsi m:rsp::1:0xf0:8
218b5d	mov	m:rsi::1:0x8:8 r:r15
218b61	lea	r:rax m:r9::1:0x1:8
218b65	mov	m:rsi::1:0x0:8 r:rax
218b68	lea	r:rdx m:rsp::1:0x90:8
218b70	mov	r:rcx m:rsp::1:0x158:8
218b78	mov	m:rdx::1:0x8:8 r:rcx
218b7c	mov	m:rdx::1:0x0:8 r:rax
218b7f	lea	r:r15 m:rsp::1:0xb0:8
218b87	mov	r:rdi r:r15
218b8a	call	i:0x240337
218b8f	movabs	r:r9 i:-0x8000000000000000
218b99	movups	r:xmm0 m:r15::1:0x18:16
218b9e	movaps	m:rsp::1:0x20:16 r:xmm0
218ba3	mov	r:rax m:r15::1:0x28:8
218ba7	mov	m:rsp::1:0x30:8 r:rax
218bac	mov	r:rdi m:r15::1:0x0:8
218baf	cmp	r:rdi r:r9
218bb2	je	i:0x218bd5
218bb4	mov	r:rsi m:rsp::1:0xb8:8
218bbc	mov	r:edx i:0x8
218bc1	mov	r:ecx i:0x8
218bc6	call	i:0x2361a3
218bcb	movabs	r:r9 i:-0x8000000000000000
218bd5	mov	r:rdi m:rsp::1:0x40:8
218bda	mov	r:r15 m:rsp::1:0x140:8
218be2	jmp	i:0x218c22
218be4	mov	r:rsi m:rsp::1:0x50:8
218be9	test	r:rsi r:rsi
218bec	je	i:0x218c09
218bee	mov	r:r8 m:rsp::1:0x48:8
218bf3	shl	r:rsi i:0x3
218bf7	xor	r:edx r:edx
218bf9	mov	r:rax m:r8:rsi:1:-0x8:8
218bfe	div	r:rcx
218c01	add	r:rsi i:-0x8
218c05	jne	i:0x218bf9
218c07	jmp	i:0x218c0b
218c09	xor	r:edx r:edx
218c0b	xor	r:eax r:eax
218c0d	test	r:rdx r:rdx
218c10	setne	r:al
218c13	mov	m:rsp::1:0x20:8 r:r9
218c18	mov	m:rsp::1:0x28:8 r:rax
218c1d	mov	m:rsp::1:0x30:8 r:rdx
218c22	cmp	r:rdi r:r9
218c25	je	i:0x218c45
218c27	mov	r:rsi m:rsp::1:0x48:8
218c2c	mov	r:edx i:0x8
218c31	mov	r:ecx i:0x8
218c36	call	i:0x2361a3
218c3b	movabs	r:r9 i:-0x8000000000000000
218c45	mov	r:rsi m:r14::1:0x58:8
218c49	cmp	r:rbx r:rsi
218c4c	jae	i:0x219361
218c52	mov	r:rax m:r14::1:0x50:8
218c56	add	r:rax r:rbp
218c59	add	r:rax i:0x18
218c5d	cmp	m:rax::1:0x0:8 r:r9
218c60	jne	i:0x218c7a
218c62	cmp	m:rax::1:0x8:4 i:0x1
218c66	jne	i:0x218d23
218c6c	add	r:rax i:0x10
218c70	mov	r:edx i:0x1
218c75	mov	r:rcx r:rax
218c78	jmp	i:0x218c82
218c7a	mov	r:rcx m:rax::1:0x8:8
218c7e	mov	r:rdx m:rax::1:0x10:8
218c82	cmp	r:r12 r:rdx
218c85	jae	i:0x218d23
218c8b	mov	r:rax m:rcx:r12:8:0x0:8
218c8f	mov	r:rcx m:rsp::1:0x38:8
218c94	bt	r:rax r:rcx
218c98	jae	i:0x218d23
218c9e	inc	r:r15
218ca1	lea	r:rax m:rsp::1:0x70:8
218ca6	mov	r:r10 r:r15
218ca9	lea	r:r15 m:rsp::1:0x20:8
218cae	mov	r:rdi r:r14
218cb1	mov	r:rsi r:rbx
218cb4	mov	r:rdx m:rsp::1:0x18:8
218cb9	mov	r:rcx m:rsp::1:0x68:8
218cbe	mov	r:r8 m:rsp::1:0x8:8
218cc3	mov	r:r9 m:rsp::1:0x10:8
218cc8	push	m:rsp::1:0x158:8
218ccf	push	r:rax
218cd0	push	r:r15
218cd2	push	r:r10
218cd4	call	i:0x2186fa
218cd9	movabs	r:rcx i:-0x8000000000000000
218ce3	add	r:rsp i:0x20
218ce7	mov	r:rbx r:rax
218cea	mov	r:rdi m:r15::1:0x0:8
218ced	cmp	r:rdi r:rcx
218cf0	je	i:0x218d10
218cf2	mov	r:rsi m:rsp::1:0x28:8
218cf7	mov	r:edx i:0x8
218cfc	mov	r:ecx i:0x8
218d01	call	i:0x2361a3
218d06	movabs	r:rcx i:-0x8000000000000000
218d10	mov	r:rdi m:rsp::1:0x70:8
218d15	cmp	r:rdi r:rcx
218d18	jne	i:0x218e8c
218d1e	jmp	i:0x219282
218d23	call	i:0x217129
218d28	movups	r:xmm0 m:rip::1:0x69b01:16
218d2f	lea	r:rbp m:rsp::1:0xb0:8
218d37	movaps	m:rbp::1:0x0:16 r:xmm0
218d3b	movups	r:xmm0 m:rip::1:0x69afe:16
218d42	movaps	m:rbp::1:0x10:16 r:xmm0
218d46	mov	m:rbp::1:0x20:8 r:rax
218d4a	mov	m:rbp::1:0x28:8 r:rdx
218d4e	mov	r:rdi r:r14
218d51	mov	r:rsi r:rbx
218d54	mov	r:rdx m:rsp::1:0x38:8
218d59	mov	r:rcx r:rbp
218d5c	call	i:0x21951e
218d61	mov	r:r15 r:rax
218d64	mov	m:rsp::1:0x60:8 r:rdx
218d69	mov	r:rcx m:rbp::1:0x8:8
218d6d	test	r:rcx r:rcx
218d70	je	i:0x218d9c
218d72	lea	r:rax m:rcx:rcx:2:0x0:8
218d76	lea	r:rax m::rax:8:0x27:8
218d7e	and	r:rax i:-0x10
218d82	add	r:rcx r:rax
218d85	cmp	r:rcx i:-0x11
218d89	je	i:0x218d9c
218d8b	mov	r:rdi m:rsp::1:0xb0:8
218d93	sub	r:rdi r:rax
218d96	call	m:rip::1:0x6c2cc:8
218d9c	mov	r:rbp m:rsp::1:0x140:8
218da4	inc	r:rbp
218da7	lea	r:r10 m:rsp::1:0x70:8
218dac	mov	r:rdi r:r14
218daf	mov	r:rsi r:r15
218db2	mov	r:rdx m:rsp::1:0x18:8
218db7	mov	r:r13 m:rsp::1:0x68:8
218dbc	mov	r:rcx r:r13
218dbf	mov	r:r15 m:rsp::1:0x8:8
218dc4	mov	r:r8 r:r15
218dc7	mov	r:r12 m:rsp::1:0x10:8
218dcc	mov	r:r9 r:r12
218dcf	mov	r:rbx m:rsp::1:0x158:8
218dd7	push	r:rbx
218dd8	push	r:r10
218dda	push	m:rsp::1:0x158:8
218de1	push	r:rbp
218de2	call	i:0x2186fa
218de7	add	r:rsp i:0x20
218deb	mov	m:rsp::1:0x58:8 r:rax
218df0	lea	r:rax m:rsp::1:0x20:8
218df5	mov	r:rdi r:r14
218df8	mov	r:rsi m:rsp::1:0x60:8
218dfd	mov	r:rdx m:rsp::1:0x18:8
218e02	mov	r:rcx r:r13
218e05	mov	r:r8 r:r15
218e08	mov	r:r9 r:r12
218e0b	push	r:rbx
218e0c	lea	r:r10 m:rsp::1:0x78:8
218e11	push	r:r10
218e13	push	r:rax
218e14	mov	r:r15 r:rax
218e17	push	r:rbp
218e18	call	i:0x2186fa
218e1d	add	r:rsp i:0x20
218e21	lea	r:rcx m:rsp::1:0xb0:8
218e29	mov	r:rdx m:rsp::1:0x38:8
218e2e	mov	m:rcx::1:0x0:8 r:rdx
218e31	mov	m:rcx::1:0x8:1 i:0x1
218e35	mov	r:r8d i:0x1
218e3b	mov	r:rdi r:r14
218e3e	mov	r:rsi m:rsp::1:0x58:8
218e43	mov	r:rdx r:rax
218e46	call	i:0x216e93
218e4b	mov	r:rbx r:rax
218e4e	mov	r:rdi m:r15::1:0x0:8
218e51	movabs	r:rax i:-0x8000000000000000
218e5b	cmp	r:rdi r:rax
218e5e	je	i:0x218e7e
218e60	mov	r:rsi m:rsp::1:0x28:8
218e65	mov	r:edx i:0x8
218e6a	mov	r:ecx i:0x8
218e6f	call	i:0x2361a3
218e74	movabs	r:rax i:-0x8000000000000000
218e7e	mov	r:rdi m:rsp::1:0x70:8
218e83	cmp	r:rdi r:rax
218e86	je	i:0x219282
218e8c	mov	r:rsi m:rsp::1:0x78:8
218e91	jmp	i:0x219273
218e96	mov	r:al i:0x1
218e98	xor	r:r9d r:r9d
218e9b	xor	r:ecx r:ecx
218e9d	jmp	i:0x218ea6
218e9f	xor	r:ecx r:ecx
218ea1	mov	r:al i:0x1
218ea3	mov	r:r10 r:r9
218ea6	movabs	r:r8 i:-0x8000000000000000
218eb0	mov	r:rdx r:rcx
218eb3	shr	r:rdx i:0x20
218eb7	jne	i:0x218ee7
218eb9	test	r:al r:al
218ebb	je	i:0x218ee7
218ebd	test	r:rcx r:rcx
218ec0	je	i:0x21931d
218ec6	cmp	m:rdi::1:0x0:8 r:r8
218ec9	jne	i:0x218f9f
218ecf	cmp	m:rdi::1:0x8:4 i:0x1
218ed3	jne	i:0x219282
218ed9	add	r:rdi i:0x10
218edd	mov	r:esi i:0x8
218ee2	jmp	i:0x218fb4
218ee7	mov	m:rsp::1:0x8:8 r:r10
218eec	mov	m:rsp::1:0x10:8 r:r9
218ef1	lea	r:rsi m:rsp::1:0xf0:8
218ef9	mov	m:rsi::1:0x8:8 r:rdi
218efd	lea	r:rax m:r8::1:0x1:8
218f01	mov	m:rsi::1:0x0:8 r:rax
218f04	lea	r:rdx m:rsp::1:0x90:8
218f0c	mov	m:rdx::1:0x8:8 r:r12
218f10	mov	m:rdx::1:0x0:8 r:rax
218f13	lea	r:r12 m:rsp::1:0xb0:8
218f1b	mov	r:rdi r:r12
218f1e	call	i:0x240337
218f23	movabs	r:rcx i:-0x8000000000000000
218f2d	movups	r:xmm0 m:r12::1:0x18:16
218f33	movaps	m:rsp::1:0x20:16 r:xmm0
218f38	mov	r:rax m:r12::1:0x28:8
218f3d	mov	m:rsp::1:0x30:8 r:rax
218f42	mov	r:rdi m:r12::1:0x0:8
218f46	cmp	r:rdi r:rcx
218f49	je	i:0x218f6c
218f4b	mov	r:rsi m:rsp::1:0xb8:8
218f53	mov	r:edx i:0x8
218f58	mov	r:ecx i:0x8
218f5d	call	i:0x2361a3
218f62	movabs	r:rcx i:-0x8000000000000000
218f6c	mov	r:rdi m:rsp::1:0x20:8
218f71	cmp	r:rdi r:rcx
218f74	jne	i:0x218f8a
218f76	cmp	m:rsp::1:0x28:1 i:0x0
218f7b	mov	r:r12 m:rsp::1:0x158:8
218f83	jne	i:0x218feb
218f85	jmp	i:0x219282
218f8a	cmp	m:rsp::1:0x30:8 i:0x0
218f90	mov	r:r12 m:rsp::1:0x158:8
218f98	jne	i:0x218feb
218f9a	jmp	i:0x21926e
218f9f	mov	r:rsi m:rdi::1:0x10:8
218fa3	test	r:rsi r:rsi
218fa6	je	i:0x219282
218fac	mov	r:rdi m:rdi::1:0x8:8
218fb0	shl	r:rsi i:0x3
218fb4	mov	m:rsp::1:0x8:8 r:r10
218fb9	mov	m:rsp::1:0x10:8 r:r9
218fbe	xor	r:edx r:edx
218fc0	mov	r:rax m:rdi:rsi:1:-0x8:8
218fc5	div	r:rcx
218fc8	add	r:rsi i:-0x8
218fcc	jne	i:0x218fc0
218fce	xor	r:eax r:eax
218fd0	test	r:rdx r:rdx
218fd3	setne	r:al
218fd6	mov	m:rsp::1:0x20:8 r:r8
218fdb	mov	m:rsp::1:0x28:8 r:rax
218fe0	mov	m:rsp::1:0x30:8 r:rdx
218fe5	je	i:0x219282
218feb	movups	r:xmm0 m:rip::1:-0x2bf62:16
218ff2	lea	r:rsi m:rsp::1:0xb0:8
218ffa	movaps	m:rsi::1:0x10:16 r:xmm0
218ffe	movups	r:xmm1 m:rip::1:-0x2bf85:16
219005	movaps	m:rsi::1:0x0:16 r:xmm1
219008	movaps	m:rsi::1:0x20:16 r:xmm1
21900c	movaps	m:rsi::1:0x30:16 r:xmm0
219010	mov	r:rdi r:r14
219013	call	i:0x216694
219018	mov	r:ecx i:0x8
21901d	mov	r:rdi r:r14
219020	mov	r:rsi r:rax
219023	mov	r:rdx r:rbx
219026	xor	r:r8d r:r8d
219029	call	i:0x216e93
21902e	mov	r:rdi r:r14
219031	mov	r:rsi r:rax
219034	mov	m:rsp::1:0x18:8 r:r13
219039	mov	r:rdx r:r13
21903c	mov	r:rcx r:r15
21903f	mov	r:r8 r:r12
219042	call	i:0x219f0e
219047	movabs	r:rcx i:-0x8000000000000000
219051	mov	r:r13 m:r12::1:0x10:8
219056	cmp	r:rbp r:rcx
219059	mov	m:rsp::1:0x38:8 r:rdx
21905e	mov	m:rsp::1:0x60:8 r:rax
219063	jne	i:0x219072
219065	mov	r:r12 r:r15
219068	mov	r:r15 r:rcx
21906b	mov	r:rdx m:rsp::1:0x10:8
219070	jmp	i:0x21909c
219072	test	r:r13 r:r13
219075	je	i:0x219093
219077	cmp	r:r13 i:0x1
21907b	jne	i:0x219297
219081	mov	r:r12 r:r15
219084	mov	r:rax m:rsp::1:0x8:8
219089	mov	r:r13 m:rax::1:0x0:8
21908c	mov	r:edx i:0x1
219091	jmp	i:0x219099
219093	mov	r:r12 r:r15
219096	mov	r:rdx r:r13
219099	mov	r:r15 r:rcx
21909c	lea	r:rbp m:rsp::1:0xb0:8
2190a4	mov	m:rbp::1:0x0:8 r:r15
2190a8	mov	m:rbp::1:0x8:8 r:rdx
2190ac	mov	m:rbp::1:0x10:8 r:r13
2190b0	lea	r:rsi m:rsp::1:0x20:8
2190b5	mov	r:rdi r:rbp
2190b8	call	i:0x23fed9
2190bd	mov	r:rax m:rbp::1:0x10:8
2190c1	lea	r:r13 m:rsp::1:0x40:8
2190c6	mov	m:r13::1:0x10:8 r:rax
2190ca	movups	r:xmm0 m:rbp::1:0x0:16
2190ce	movaps	m:r13::1:0x0:16 r:xmm0
2190d3	mov	r:rdi r:r14
2190d6	mov	r:rsi m:rsp::1:0x60:8
2190db	mov	r:r15 m:rsp::1:0x18:8
2190e0	mov	r:rdx r:r15
2190e3	mov	r:rcx r:r12
2190e6	mov	r:r8 r:r13
2190e9	call	i:0x219f0e
2190ee	mov	m:rsp::1:0x8:8 r:rdx
2190f3	sub	r:rsp i:0x8
2190f7	mov	r:r9d i:0x8
2190fd	mov	r:rdi r:r14
219100	mov	r:rsi r:rax
219103	mov	r:rdx r:r15
219106	mov	r:rcx r:r12
219109	lea	r:r8 m:rsp::1:0x28:8
21910e	push	i:0x0
219110	call	i:0x216fc8
219115	add	r:rsp i:0x10
219119	mov	m:rsp::1:0x10:8 r:rax
21911e	mov	r:eax r:r12d
219121	and	r:al i:0x3f
219123	mov	m:rsp::1:0x68:8 r:r12
219128	mov	r:rdx r:r12
21912b	shr	r:rdx i:0x6
21912f	movabs	r:r12 i:-0x8000000000000000
219139	mov	m:rbp::1:0x0:8 r:r12
21913d	mov	r:ecx i:0x1
219142	mov	m:rbp::1:0x8:8 r:rcx
219146	mov	m:rbp::1:0x10:8 r:rcx
21914a	movzx	r:ecx r:al
21914d	lea	r:rbp m:rsp::1:0xf0:8
219155	lea	r:r15 m:rsp::1:0xb0:8
21915d	mov	r:rdi r:rbp
219160	mov	r:rsi r:r15
219163	call	i:0x23f0e9
219168	mov	r:rax m:r13::1:0x10:8
21916c	mov	m:r15::1:0x10:8 r:rax
219170	movaps	r:xmm0 m:r13::1:0x0:16
219175	movaps	m:r15::1:0x0:16 r:xmm0
219179	lea	r:r15 m:rsp::1:0xb0:8
219181	mov	r:rdi r:rbp
219184	mov	r:rsi r:r15
219187	call	i:0x23fed9
21918c	mov	r:rax m:rbp::1:0x10:8
219190	mov	m:rsp::1:0xa0:8 r:rax
219198	movups	r:xmm0 m:rbp::1:0x0:16
21919c	movaps	m:rsp::1:0x90:16 r:xmm0
2191a4	mov	r:rdi m:r15::1:0x0:8
2191a7	cmp	r:rdi r:r12
2191aa	je	i:0x2191c3
2191ac	mov	r:rsi m:rsp::1:0xb8:8
2191b4	mov	r:edx i:0x8
2191b9	mov	r:ecx i:0x8
2191be	call	i:0x2361a3
2191c3	sub	r:rsp i:0x8
2191c7	lea	r:r15 m:rsp::1:0x98:8
2191cf	mov	r:r9d i:0x8
2191d5	mov	r:rdi r:r14
2191d8	mov	r:rsi m:rsp::1:0x10:8
2191dd	mov	r:rdx m:rsp::1:0x20:8
2191e2	mov	r:rcx m:rsp::1:0x70:8
2191e7	mov	r:r8 r:r15
2191ea	push	i:0x0
2191ec	call	i:0x216fc8
2191f1	add	r:rsp i:0x10
2191f5	mov	r:r12 r:rax
2191f8	mov	r:rdi m:r15::1:0x0:8
2191fb	movabs	r:rax i:-0x8000000000000000
219205	cmp	r:rdi r:rax
219208	je	i:0x219221
21920a	mov	r:rsi m:rsp::1:0x98:8
219212	mov	r:edx i:0x8
219217	mov	r:ecx i:0x8
21921c	call	i:0x2361a3
219221	mov	r:rdi r:r14
219224	mov	r:rsi m:rsp::1:0x10:8
219229	mov	r:rdx r:r12
21922c	call	i:0x219fed
219231	mov	r:rdi r:r14
219234	mov	r:rsi r:rax
219237	mov	r:rdx m:rsp::1:0x38:8
21923c	call	i:0x219fed
219241	mov	r:ecx i:0x8
219246	mov	r:rdi r:r14
219249	mov	r:rsi r:rbx
21924c	mov	r:rdx r:rax
21924f	xor	r:r8d r:r8d
219252	call	i:0x216e93
219257	mov	r:rbx r:rax
21925a	mov	r:rdi m:rsp::1:0x20:8
21925f	movabs	r:rax i:-0x8000000000000000
219269	cmp	r:rdi r:rax
21926c	je	i:0x219282
21926e	mov	r:rsi m:rsp::1:0x28:8
219273	mov	r:edx i:0x8
219278	mov	r:ecx i:0x8
21927d	call	i:0x2361a3
219282	mov	r:rax r:rbx
219285	add	r:rsp i:0x108
21928c	pop	r:rbx
21928d	pop	r:r12
21928f	pop	r:r13
219291	pop	r:r14
219293	pop	r:r15
219295	pop	r:rbp
219296	ret	
219297	lea	r:rbp m::r13:8:0x0:8
21929f	mov	r:rsi r:r13
2192a2	shr	r:rsi i:0x3d
2192a6	setne	r:sil
2192aa	add	r:rcx i:-0x8
2192ae	cmp	r:rbp r:rcx
2192b1	seta	r:cl
2192b4	or	r:cl r:sil
2192b7	mov	r:rsi m:rsp::1:0x8:8
2192bc	je	i:0x2192cc
2192be	xor	r:r15d r:r15d
2192c1	mov	r:rdi r:r15
2192c4	mov	r:rsi r:rbp
2192c7	call	i:0x20c5b5
2192cc	test	r:rbp r:rbp
2192cf	je	i:0x2192fe
2192d1	mov	m:rsp::1:0x8:8 r:rsi
2192d6	mov	r:r12 r:r15
2192d9	mov	r:r15d i:0x8
2192df	mov	r:esi i:0x8
2192e4	mov	r:rdi r:rbp
2192e7	call	i:0x2135c0
2192ec	test	r:rax r:rax
2192ef	je	i:0x2192c1
2192f1	mov	r:rdi r:rax
2192f4	mov	r:r15 r:r13
2192f7	mov	r:rsi m:rsp::1:0x8:8
2192fc	jmp	i:0x219309
2192fe	mov	r:r12 r:r15
219301	mov	r:edi i:0x8
219306	xor	r:r15d r:r15d
219309	mov	r:rdx r:rbp
21930c	mov	r:rbp r:rdi
21930f	call	m:rip::1:0x6bd43:8
219315	mov	r:rdx r:rbp
219318	jmp	i:0x21909c
21931d	lea	r:rdi m:rip::1:-0x294af:8
219324	lea	r:rdx m:rip::1:0x6ba4d:8
21932b	mov	r:esi i:0x33
219330	call	i:0x20cf50
219335	lea	r:rdx m:rip::1:0x6999c:8
21933c	mov	r:rdi r:rbx
21933f	call	i:0x20db3d
219344	lea	r:rdx m:rip::1:0x699a5:8
21934b	jmp	i:0x21933c
21934d	lea	r:rdx m:rip::1:0x699b4:8
219354	mov	r:rdi r:r15
219357	mov	r:rsi m:rsp::1:0x10:8
21935c	call	i:0x20db3d
219361	lea	r:rdx m:rip::1:0x699b8:8
219368	jmp	i:0x21933c
