218754	216605	_RNvMs_NtCsdpsOGJVkNCx_11g_momonados16ququart_decisionNtB4_13DecisionArena17controls_possible
2187d9	23ac5e	_RNvXs_NtCskLLYNqycIrM_5alloc6borrowNtNtCsj3tWkqr9aMa_10num_bigint7biguint7BigUintNtB4_7ToOwned8to_ownedBB_
21880c	23f0e9	_RNvNtNtCsj3tWkqr9aMa_10num_bigint7biguint5shift12biguint_shl2
218934	240337	_RNvNtNtCsj3tWkqr9aMa_10num_bigint7biguint8division11div_rem_cow
218973	2361a3	_RNvMs2_NtCskLLYNqycIrM_5alloc7raw_vecNtB5_11RawVecInner10deallocateCsk0jeUoGqz9c_5gimli
2189e6	2361a3	_RNvMs2_NtCskLLYNqycIrM_5alloc7raw_vecNtB5_11RawVecInner10deallocateCsk0jeUoGqz9c_5gimli
218a90	2186fa	_RNvNvMs_NtCsdpsOGJVkNCx_11g_momonados16ququart_decisionNtB6_13DecisionArena17modular_digit_add5visit
218ab9	21936a	_RNvXs9_NtNtCsj3tWkqr9aMa_10num_bigint7biguint8additionRNtB7_7BigUintNtNtNtCsnruyAgQs18_4core3ops5arith3Add3add
218b8a	240337	_RNvNtNtCsj3tWkqr9aMa_10num_bigint7biguint8division11div_rem_cow
218bc6	2361a3	_RNvMs2_NtCskLLYNqycIrM_5alloc7raw_vecNtB5_11RawVecInner10deallocateCsk0jeUoGqz9c_5gimli
218c36	2361a3	_RNvMs2_NtCskLLYNqycIrM_5alloc7raw_vecNtB5_11RawVecInner10deallocateCsk0jeUoGqz9c_5gimli
218cd4	2186fa	_RNvNvMs_NtCsdpsOGJVkNCx_11g_momonados16ququart_decisionNtB6_13DecisionArena17modular_digit_add5visit
218d01	2361a3	_RNvMs2_NtCskLLYNqycIrM_5alloc7raw_vecNtB5_11RawVecInner10deallocateCsk0jeUoGqz9c_5gimli
218d23	217129	_RINvMs2_NtNtCsHhKrCRAwTZ_3std6thread5localINtB6_8LocalKeyINtNtCsnruyAgQs18_4core4cell4CellTyyEEE4withNCNvMNtNtBa_4hash6randomNtB1G_11RandomState3new0B1Z_ECsdpsOGJVkNCx_11g_momonados
218d5c	21951e	_RNvNvMs_NtCsdpsOGJVkNCx_11g_momonados16ququart_decisionNtB6_13DecisionArena16source_cofactors5visit
218de2	2186fa	_RNvNvMs_NtCsdpsOGJVkNCx_11g_momonados16ququart_decisionNtB6_13DecisionArena17modular_digit_add5visit
218e18	2186fa	_RNvNvMs_NtCsdpsOGJVkNCx_11g_momonados16ququart_decisionNtB6_13DecisionArena17modular_digit_add5visit
218e46	216e93	_RNvMs_NtCsdpsOGJVkNCx_11g_momonados16ququart_decisionNtB4_13DecisionArena20conditional_literals
218e6f	2361a3	_RNvMs2_NtCskLLYNqycIrM_5alloc7raw_vecNtB5_11RawVecInner10deallocateCsk0jeUoGqz9c_5gimli
218f1e	240337	_RNvNtNtCsj3tWkqr9aMa_10num_bigint7biguint8division11div_rem_cow
218f5d	2361a3	_RNvMs2_NtCskLLYNqycIrM_5alloc7raw_vecNtB5_11RawVecInner10deallocateCsk0jeUoGqz9c_5gimli
219013	216694	_RNvMs_NtCsdpsOGJVkNCx_11g_momonados16ququart_decisionNtB4_13DecisionArena6intern
219029	216e93	_RNvMs_NtCsdpsOGJVkNCx_11g_momonados16ququart_decisionNtB4_13DecisionArena20conditional_literals
219042	219f0e	_RNvMs_NtCsdpsOGJVkNCx_11g_momonados16ququart_decisionNtB4_13DecisionArena14partition_less
2190b8	23fed9	_RNvXs_NtNtCsj3tWkqr9aMa_10num_bigint7biguint11subtractionNtB6_7BigUintINtNtNtCsnruyAgQs18_4core3ops5arith9SubAssignRBT_E10sub_assign
2190e9	219f0e	_RNvMs_NtCsdpsOGJVkNCx_11g_momonados16ququart_decisionNtB4_13DecisionArena14partition_less
219110	216fc8	_RNvMs_NtCsdpsOGJVkNCx_11g_momonados16ququart_decisionNtB4_13DecisionArena12add_constant
219163	23f0e9	_RNvNtNtCsj3tWkqr9aMa_10num_bigint7biguint5shift12biguint_shl2
219187	23fed9	_RNvXs_NtNtCsj3tWkqr9aMa_10num_bigint7biguint11subtractionNtB6_7BigUintINtNtNtCsnruyAgQs18_4core3ops5arith9SubAssignRBT_E10sub_assign
2191be	2361a3	_RNvMs2_NtCskLLYNqycIrM_5alloc7raw_vecNtB5_11RawVecInner10deallocateCsk0jeUoGqz9c_5gimli
2191ec	216fc8	_RNvMs_NtCsdpsOGJVkNCx_11g_momonados16ququart_decisionNtB4_13DecisionArena12add_constant
21921c	2361a3	_RNvMs2_NtCskLLYNqycIrM_5alloc7raw_vecNtB5_11RawVecInner10deallocateCsk0jeUoGqz9c_5gimli
21922c	219fed	_RNvMs_NtCsdpsOGJVkNCx_11g_momonados16ququart_decisionNtB4_13DecisionArena3sum
21923c	219fed	_RNvMs_NtCsdpsOGJVkNCx_11g_momonados16ququart_decisionNtB4_13DecisionArena3sum
219252	216e93	_RNvMs_NtCsdpsOGJVkNCx_11g_momonados16ququart_decisionNtB4_13DecisionArena20conditional_literals
21927d	2361a3	_RNvMs2_NtCskLLYNqycIrM_5alloc7raw_vecNtB5_11RawVecInner10deallocateCsk0jeUoGqz9c_5gimli
2192c7	20c5b5	_RNvNtCskLLYNqycIrM_5alloc7raw_vec12handle_error
2192e7	2135c0	_RNvCsk86JGSqdI7m_7___rustc12___rust_alloc
219330	20cf50	_RNvNtCsnruyAgQs18_4core9panicking9panic_fmt
21933f	20db3d	_RNvNtCsnruyAgQs18_4core9panicking18panic_bounds_check
21935c	20db3d	_RNvNtCsnruyAgQs18_4core9panicking18panic_bounds_check
