21869d	216555	_RNvMs_NtCsdpsOGJVkNCx_11g_momonados16ququart_decisionNtB4_13DecisionArena17controls_possible
218717	23a2be	_RNvXs_NtCskLLYNqycIrM_5alloc6borrowNtNtCsj3tWkqr9aMa_10num_bigint7biguint7BigUintNtB4_7ToOwned8to_ownedBB_
218747	23e749	_RNvNtNtCsj3tWkqr9aMa_10num_bigint7biguint5shift12biguint_shl2
218869	23f997	_RNvNtNtCsj3tWkqr9aMa_10num_bigint7biguint8division11div_rem_cow
2188a8	235804	_RNvMs2_NtCskLLYNqycIrM_5alloc7raw_vecNtB5_11RawVecInner10deallocateCsk0jeUoGqz9c_5gimli
218919	235804	_RNvMs2_NtCskLLYNqycIrM_5alloc7raw_vecNtB5_11RawVecInner10deallocateCsk0jeUoGqz9c_5gimli
2189c6	21864a	_RNvNvMs_NtCsdpsOGJVkNCx_11g_momonados16ququart_decisionNtB6_13DecisionArena17modular_digit_add5visit
2189f9	219257	_RNvXs9_NtNtCsj3tWkqr9aMa_10num_bigint7biguint8additionRNtB7_7BigUintNtNtNtCsnruyAgQs18_4core3ops5arith3Add3add
218ac1	23f997	_RNvNtNtCsj3tWkqr9aMa_10num_bigint7biguint8division11div_rem_cow
218afd	235804	_RNvMs2_NtCskLLYNqycIrM_5alloc7raw_vecNtB5_11RawVecInner10deallocateCsk0jeUoGqz9c_5gimli
218b65	235804	_RNvMs2_NtCskLLYNqycIrM_5alloc7raw_vecNtB5_11RawVecInner10deallocateCsk0jeUoGqz9c_5gimli
218c01	21864a	_RNvNvMs_NtCsdpsOGJVkNCx_11g_momonados16ququart_decisionNtB6_13DecisionArena17modular_digit_add5visit
218c3e	2165e4	_RNvMs_NtCsdpsOGJVkNCx_11g_momonados16ququart_decisionNtB4_13DecisionArena6intern
218c6d	216de3	_RNvMs_NtCsdpsOGJVkNCx_11g_momonados16ququart_decisionNtB4_13DecisionArena20conditional_literals
218c94	216de3	_RNvMs_NtCsdpsOGJVkNCx_11g_momonados16ququart_decisionNtB4_13DecisionArena20conditional_literals
218ceb	21864a	_RNvNvMs_NtCsdpsOGJVkNCx_11g_momonados16ququart_decisionNtB6_13DecisionArena17modular_digit_add5visit
218d26	21864a	_RNvNvMs_NtCsdpsOGJVkNCx_11g_momonados16ququart_decisionNtB6_13DecisionArena17modular_digit_add5visit
218d3a	21940b	_RNvMs_NtCsdpsOGJVkNCx_11g_momonados16ququart_decisionNtB4_13DecisionArena3sum
218d63	235804	_RNvMs2_NtCskLLYNqycIrM_5alloc7raw_vecNtB5_11RawVecInner10deallocateCsk0jeUoGqz9c_5gimli
218e22	23f997	_RNvNtNtCsj3tWkqr9aMa_10num_bigint7biguint8division11div_rem_cow
218e61	235804	_RNvMs2_NtCskLLYNqycIrM_5alloc7raw_vecNtB5_11RawVecInner10deallocateCsk0jeUoGqz9c_5gimli
218efd	2165e4	_RNvMs_NtCsdpsOGJVkNCx_11g_momonados16ququart_decisionNtB4_13DecisionArena6intern
218f13	216de3	_RNvMs_NtCsdpsOGJVkNCx_11g_momonados16ququart_decisionNtB4_13DecisionArena20conditional_literals
218f34	21a534	_RNvMs_NtCsdpsOGJVkNCx_11g_momonados16ququart_decisionNtB4_13DecisionArena14partition_less
218fc6	20c505	_RNvNtCskLLYNqycIrM_5alloc7raw_vec12handle_error
218fe1	213510	_RNvCsk86JGSqdI7m_7___rustc12___rust_alloc
21902b	23f539	_RNvXs_NtNtCsj3tWkqr9aMa_10num_bigint7biguint11subtractionNtB6_7BigUintINtNtNtCsnruyAgQs18_4core3ops5arith9SubAssignRBT_E10sub_assign
21905c	21a534	_RNvMs_NtCsdpsOGJVkNCx_11g_momonados16ququart_decisionNtB4_13DecisionArena14partition_less
219083	216f18	_RNvMs_NtCsdpsOGJVkNCx_11g_momonados16ququart_decisionNtB4_13DecisionArena12add_constant
2190d6	23e749	_RNvNtNtCsj3tWkqr9aMa_10num_bigint7biguint5shift12biguint_shl2
2190fa	23f539	_RNvXs_NtNtCsj3tWkqr9aMa_10num_bigint7biguint11subtractionNtB6_7BigUintINtNtNtCsnruyAgQs18_4core3ops5arith9SubAssignRBT_E10sub_assign
219131	235804	_RNvMs2_NtCskLLYNqycIrM_5alloc7raw_vecNtB5_11RawVecInner10deallocateCsk0jeUoGqz9c_5gimli
21915f	216f18	_RNvMs_NtCsdpsOGJVkNCx_11g_momonados16ququart_decisionNtB4_13DecisionArena12add_constant
21918f	235804	_RNvMs2_NtCskLLYNqycIrM_5alloc7raw_vecNtB5_11RawVecInner10deallocateCsk0jeUoGqz9c_5gimli
21919f	21940b	_RNvMs_NtCsdpsOGJVkNCx_11g_momonados16ququart_decisionNtB4_13DecisionArena3sum
2191af	21940b	_RNvMs_NtCsdpsOGJVkNCx_11g_momonados16ququart_decisionNtB4_13DecisionArena3sum
2191c5	216de3	_RNvMs_NtCsdpsOGJVkNCx_11g_momonados16ququart_decisionNtB4_13DecisionArena20conditional_literals
2191f0	235804	_RNvMs2_NtCskLLYNqycIrM_5alloc7raw_vecNtB5_11RawVecInner10deallocateCsk0jeUoGqz9c_5gimli
21921d	20cea0	_RNvNtCsnruyAgQs18_4core9panicking9panic_fmt
21922c	20da8d	_RNvNtCsnruyAgQs18_4core9panicking18panic_bounds_check
219249	20da8d	_RNvNtCsnruyAgQs18_4core9panicking18panic_bounds_check
