213472	push	r:rbp
213473	push	r:r15
213475	push	r:r14
213477	push	r:r13
213479	push	r:r12
21347b	push	r:rbx
21347c	sub	r:rsp i:0x128
213483	mov	r:rbx r:rcx
213486	mov	r:r12 r:rdx
213489	mov	m:rsp::1:0x20:8 r:rsi
21348e	movabs	r:r15 i:-0x8000000000000000
213498	mov	r:r14 m:rcx::1:0x0:8
21349b	mov	r:rax r:r14
21349e	neg	r:rax
2134a1	jno	i:0x2134b1
2134a3	cmp	m:rbx::1:0x8:4 i:0x1
2134a7	je	i:0x2134b8
2134a9	mov	m:rdi::1:0x0:8 r:r15
2134ac	jmp	i:0x213ca7
2134b1	cmp	m:rbx::1:0x10:8 i:0x0
2134b6	je	i:0x2134a9
2134b8	mov	m:rsp::1:0x30:8 r:r8
2134bd	mov	m:rsp::1:0x38:8 r:r9
2134c2	mov	m:rsp::1:0x0:8 r:rdi
2134c6	mov	r:eax r:r12d
2134c9	and	r:al i:0x3f
2134cb	mov	r:rdx r:r12
2134ce	shr	r:rdx i:0x6
2134d2	movups	r:xmm0 m:rip::1:-0x23661:16
2134d9	lea	r:rsi m:rsp::1:0xd0:8
2134e1	movaps	m:rsi::1:0x0:16 r:xmm0
2134e4	mov	m:rsi::1:0x10:8 i:0x1
2134ec	movzx	r:ecx r:al
2134ef	lea	r:rdi m:rsp::1:0x48:8
2134f4	call	i:0x23c089
2134f9	lea	r:rcx m::r12:8:0x0:8
213501	test	r:r12 r:r12
213504	mov	m:rsp::1:0x8:8 r:rcx
213509	je	i:0x21352d
21350b	mov	r:esi i:0x8
213510	mov	r:rdi r:rcx
213513	call	i:0x2125d0
213518	mov	r:rcx m:rsp::1:0x8:8
21351d	mov	r:r13 r:rax
213520	mov	r:rbp r:r12
213523	test	r:rax r:rax
213526	jne	i:0x213535
213528	jmp	i:0x2136b7
21352d	mov	r:r13d i:0x8
213533	xor	r:ebp r:ebp
213535	mov	r:rdi r:r13
213538	mov	r:rsi m:rsp::1:0x20:8
21353d	mov	r:rdx r:rcx
213540	call	m:rip::1:0x6ea0a:8
213546	mov	r:rax r:rbx
213549	mov	r:rbx m:rbx::1:0x10:8
21354d	cmp	r:r14 r:r15
213550	mov	m:rsp::1:0x40:8 r:rax
213555	jne	i:0x213560
213557	mov	r:r14 m:rax::1:0x8:8
21355b	jmp	i:0x2135f9
213560	test	r:rbx r:rbx
213563	je	i:0x21357f
213565	mov	r:rax m:rsp::1:0x40:8
21356a	mov	r:rsi m:rax::1:0x8:8
21356e	cmp	r:rbx i:0x1
213572	jne	i:0x213584
213574	mov	r:rbx m:rsi::1:0x0:8
213577	mov	r:r14d i:0x1
21357d	jmp	i:0x2135f9
21357f	mov	r:r14 r:rbx
213582	jmp	i:0x2135f9
213584	lea	r:rdx m::rbx:8:0x0:8
21358c	mov	r:rax r:rbx
21358f	shr	r:rax i:0x3d
213593	setne	r:al
213596	lea	r:rcx m:r15::1:-0x8:8
21359a	cmp	r:rdx r:rcx
21359d	seta	r:cl
2135a0	or	r:cl r:al
2135a2	je	i:0x2135b2
2135a4	xor	r:r15d r:r15d
2135a7	mov	r:rdi r:r15
2135aa	mov	r:rsi r:rdx
2135ad	call	i:0x20b5c5
2135b2	test	r:rdx r:rdx
2135b5	je	i:0x2135e7
2135b7	mov	m:rsp::1:0x28:8 r:rsi
2135bc	mov	r:r15d i:0x8
2135c2	mov	r:esi i:0x8
2135c7	mov	r:rdi r:rdx
2135ca	mov	r:r14 r:rdx
2135cd	call	i:0x2125d0
2135d2	mov	r:rdx r:r14
2135d5	test	r:rax r:rax
2135d8	je	i:0x2135a7
2135da	mov	r:r14 r:rax
2135dd	mov	r:r15 r:rbx
2135e0	mov	r:rsi m:rsp::1:0x28:8
2135e5	jmp	i:0x2135f0
2135e7	mov	r:r14d i:0x8
2135ed	xor	r:r15d r:r15d
2135f0	mov	r:rdi r:r14
2135f3	call	m:rip::1:0x6e957:8
2135f9	mov	r:edi i:0x20
2135fe	call	m:rip::1:0x6e954:8
213604	test	r:rax r:rax
213607	je	i:0x213cc8
21360d	mov	r:rdx m:rsp::1:0x170:8
213615	mov	r:rsi m:rsp::1:0x168:8
21361d	mov	r:rcx m:rsp::1:0x38:8
213622	movups	r:xmm0 m:rcx::1:0x0:16
213625	movups	r:xmm1 m:rcx::1:0x10:16
213629	movups	m:rax::1:0x10:16 r:xmm1
21362d	movups	m:rax::1:0x0:16 r:xmm0
213630	movabs	r:r8 i:-0x8000000000000000
21363a	lea	r:rdi m:r8::1:0x1:8
21363e	lea	r:rcx m:rsp::1:0xd0:8
213646	mov	m:rsp::1:0x28:8 r:rdi
21364b	mov	m:rcx::1:0x0:8 r:rdi
21364e	mov	m:rcx::1:0x8:8 r:rbp
213652	mov	m:rcx::1:0x10:8 r:r13
213656	mov	m:rcx::1:0x18:8 r:r12
21365a	mov	r:edi i:0x2
21365f	mov	m:rcx::1:0x20:8 r:rdi
213663	mov	m:rcx::1:0x28:8 r:rax
213667	mov	m:rcx::1:0x30:8 r:rdi
21366b	mov	m:rcx::1:0x38:8 r:r15
21366f	mov	r:r15 r:r8
213672	mov	m:rcx::1:0x40:8 r:r14
213676	mov	m:rcx::1:0x48:8 r:rbx
21367a	lea	r:rbx m:rsp::1:0x80:8
213682	mov	r:rdi r:rbx
213685	call	i:0x213ce4
21368a	mov	r:rax m:rbx::1:0x0:8
21368d	cmp	r:rax r:r15
213690	jne	i:0x2136c4
213692	test	r:r12 r:r12
213695	je	i:0x2136e1
213697	mov	r:esi i:0x8
21369c	mov	r:rbx m:rsp::1:0x8:8
2136a1	mov	r:rdi r:rbx
2136a4	call	i:0x2125d0
2136a9	mov	r:rcx r:rbx
2136ac	mov	r:r13 r:rax
2136af	mov	r:r14 r:r12
2136b2	test	r:rax r:rax
2136b5	jne	i:0x2136ef
2136b7	mov	r:edi i:0x8
2136bc	mov	r:rsi r:rcx
2136bf	call	i:0x20b5c5
2136c4	movups	r:xmm0 m:rsp::1:0x88:16
2136cc	mov	r:rcx m:rsp::1:0x0:8
2136d0	movups	m:rcx::1:0x8:16 r:xmm0
2136d4	mov	m:rcx::1:0x0:8 r:rax
2136d7	mov	r:rdi m:rsp::1:0x48:8
2136dc	jmp	i:0x213c8e
2136e1	xor	r:r14d r:r14d
2136e4	mov	r:r13d i:0x8
2136ea	mov	r:rcx m:rsp::1:0x8:8
2136ef	mov	r:rdi r:r13
2136f2	mov	r:rsi m:rsp::1:0x20:8
2136f7	mov	r:rdx r:rcx
2136fa	call	m:rip::1:0x6e850:8
213700	mov	r:rdx m:rsp::1:0x48:8
213705	mov	r:rbp m:rsp::1:0x58:8
21370a	cmp	r:rdx r:r15
21370d	mov	m:rsp::1:0x10:8 r:rdx
213712	mov	m:rsp::1:0x60:8 r:r14
213717	jne	i:0x21372a
213719	mov	r:r14 m:rsp::1:0x50:8
21371e	mov	m:rsp::1:0x18:8 r:r14
213723	mov	r:rsi m:rsp::1:0x30:8
213728	jmp	i:0x21375b
21372a	mov	r:r8 m:rsp::1:0x50:8
21372f	test	r:rbp r:rbp
213732	mov	r:rsi m:rsp::1:0x30:8
213737	je	i:0x213753
213739	cmp	r:rbp i:0x1
21373d	jne	i:0x2139a6
213743	mov	m:rsp::1:0x18:8 r:r8
213748	mov	r:rbp m:r8::1:0x0:8
21374b	mov	r:r14d i:0x1
213751	jmp	i:0x21375b
213753	mov	m:rsp::1:0x18:8 r:r8
213758	mov	r:r14 r:rbp
21375b	lea	r:rbx m:rsp::1:0xd0:8
213763	mov	m:rbx::1:0x0:8 r:r15
213766	mov	m:rbx::1:0x8:8 r:r14
21376a	mov	m:rbx::1:0x10:8 r:rbp
21376e	mov	r:rdi r:rbx
213771	call	i:0x23ce79
213776	mov	r:rax m:rbx::1:0x10:8
21377a	mov	m:rsp::1:0x90:8 r:rax
213782	movups	r:xmm0 m:rbx::1:0x0:16
213785	movaps	m:rsp::1:0x80:16 r:xmm0
21378d	mov	r:edi i:0x20
213792	call	m:rip::1:0x6e7c0:8
213798	test	r:rax r:rax
21379b	je	i:0x213cc8
2137a1	mov	r:r14 m:rsp::1:0x38:8
2137a6	movups	r:xmm0 m:r14::1:0x0:16
2137aa	movups	r:xmm1 m:r14::1:0x10:16
2137af	movups	m:rax::1:0x10:16 r:xmm1
2137b3	movups	m:rax::1:0x0:16 r:xmm0
2137b6	mov	r:rdx m:rsp::1:0x90:8
2137be	lea	r:rcx m:rsp::1:0xd0:8
2137c6	mov	m:rcx::1:0x48:8 r:rdx
2137ca	movaps	r:xmm0 m:rsp::1:0x80:16
2137d2	movups	m:rcx::1:0x38:16 r:xmm0
2137d6	mov	r:rdx m:rsp::1:0x28:8
2137db	mov	m:rcx::1:0x0:8 r:rdx
2137de	mov	r:rdx m:rsp::1:0x60:8
2137e3	mov	m:rcx::1:0x8:8 r:rdx
2137e7	mov	m:rcx::1:0x10:8 r:r13
2137eb	mov	m:rcx::1:0x18:8 r:r12
2137ef	mov	r:edx i:0x2
2137f4	mov	m:rcx::1:0x20:8 r:rdx
2137f8	mov	m:rcx::1:0x28:8 r:rax
2137fc	mov	m:rcx::1:0x30:8 r:rdx
213800	lea	r:rbx m:rsp::1:0x68:8
213805	mov	r:rdi r:rbx
213808	mov	r:rbp m:rsp::1:0x168:8
213810	mov	r:rsi r:rbp
213813	mov	r:r13 m:rsp::1:0x170:8
21381b	mov	r:rdx r:r13
21381e	call	i:0x213ce4
213823	mov	r:rax m:rbx::1:0x0:8
213826	movabs	r:r15 i:-0x8000000000000000
213830	cmp	r:rax r:r15
213833	jne	i:0x21393b
213839	mov	r:edi i:0x20
21383e	call	m:rip::1:0x6e714:8
213844	test	r:rax r:rax
213847	je	i:0x213cc8
21384d	mov	r:rbx r:rax
213850	test	r:r12 r:r12
213853	mov	r:eax i:0x2
213858	mov	m:rsp::1:0x68:8 r:rax
21385d	mov	m:rsp::1:0x70:8 r:rbx
213862	movups	r:xmm0 m:r14::1:0x0:16
213866	movups	r:xmm1 m:r14::1:0x10:16
21386b	movups	m:rbx::1:0x10:16 r:xmm1
21386f	movups	m:rbx::1:0x0:16 r:xmm0
213872	mov	m:rsp::1:0x78:8 r:rax
213877	mov	r:rax m:rsp::1:0x20:8
21387c	lea	r:rax m:rax:r12:8:-0x8:8
213881	mov	r:rcx r:rax
213884	cmove	r:rcx r:r12
213888	test	r:rcx r:rcx
21388b	mov	r:r14d i:0x16
213891	cmovne	r:r14 r:rcx
213895	je	i:0x213945
21389b	mov	r:r14 m:rax::1:0x0:8
21389e	lea	r:rbx m:rsp::1:0x68:8
2138a3	mov	r:rdi r:rbx
2138a6	call	i:0x21abec
2138ab	mov	r:rax m:rbx::1:0x8:8
2138af	mov	m:rax::1:0x20:8 r:r14
2138b3	mov	m:rax::1:0x28:1 i:0x1
2138b7	mov	r:eax i:0x3
2138bc	mov	m:rbx::1:0x10:8 r:rax
2138c0	lea	r:rcx m:rsp::1:0xd0:8
2138c8	mov	m:rcx::1:0x18:8 r:rax
2138cc	movups	r:xmm0 m:rbx::1:0x0:16
2138cf	movups	m:rcx::1:0x8:16 r:xmm0
2138d3	mov	m:rcx::1:0x0:8 r:r15
2138d6	mov	r:rax m:rsp::1:0x160:8
2138de	mov	m:rcx::1:0x20:8 r:rax
2138e2	lea	r:rbx m:rsp::1:0x80:8
2138ea	mov	r:rdi r:rbx
2138ed	mov	r:rsi r:rbp
2138f0	mov	r:rdx r:r13
2138f3	call	i:0x213ce4
2138f8	mov	r:rax m:rbx::1:0x0:8
2138fb	cmp	r:rax r:r15
2138fe	jne	i:0x213c76
213904	test	r:r12 r:r12
213907	je	i:0x213a03
21390d	mov	r:esi i:0x8
213912	mov	r:rbx m:rsp::1:0x8:8
213917	mov	r:rdi r:rbx
21391a	call	i:0x2125d0
21391f	mov	r:rdx r:rbx
213922	mov	r:r13 r:rax
213925	mov	r:rbp r:r12
213928	test	r:rax r:rax
21392b	jne	i:0x213a10
213931	mov	r:edi i:0x8
213936	jmp	i:0x2135aa
21393b	movups	r:xmm0 m:rsp::1:0x70:16
213940	jmp	i:0x213c7e
213945	mov	r:esi i:0x1
21394a	mov	r:rdi r:r14
21394d	call	i:0x2125d0
213952	test	r:rax r:rax
213955	je	i:0x213cd7
21395b	mov	r:r15 r:rax
21395e	lea	r:rsi m:rip::1:-0x26b67:8
213965	mov	r:rdi r:rax
213968	mov	r:rdx r:r14
21396b	call	m:rip::1:0x6e5df:8
213971	mov	r:rax m:rsp::1:0x0:8
213975	mov	m:rax::1:0x0:8 r:r14
213978	mov	m:rax::1:0x8:8 r:r15
21397c	mov	m:rax::1:0x10:8 r:r14
213980	mov	r:edi i:0x2
213985	mov	r:edx i:0x8
21398a	mov	r:ecx i:0x10
21398f	mov	r:rsi r:rbx
213992	call	i:0x233e25
213997	movabs	r:r15 i:-0x8000000000000000
2139a1	jmp	i:0x213c89
2139a6	lea	r:rbx m::rbp:8:0x0:8
2139ae	mov	r:rax r:rbp
2139b1	shr	r:rax i:0x3d
2139b5	setne	r:al
2139b8	lea	r:rcx m:r15::1:-0x8:8
2139bc	cmp	r:rbx r:rcx
2139bf	seta	r:cl
2139c2	or	r:cl r:al
2139c4	je	i:0x2139d4
2139c6	xor	r:r15d r:r15d
2139c9	mov	r:rdi r:r15
2139cc	mov	r:rsi r:rbx
2139cf	call	i:0x20b5c5
2139d4	test	r:rbx r:rbx
2139d7	mov	m:rsp::1:0x18:8 r:r8
2139dc	je	i:0x213a52
2139de	mov	r:r15d i:0x8
2139e4	mov	r:esi i:0x8
2139e9	mov	r:rdi r:rbx
2139ec	call	i:0x2125d0
2139f1	test	r:rax r:rax
2139f4	je	i:0x2139c9
2139f6	mov	r:r14 r:rax
2139f9	mov	r:r15 r:rbp
2139fc	mov	r:r8 m:rsp::1:0x18:8
213a01	jmp	i:0x213a5b
213a03	xor	r:ebp r:ebp
213a05	mov	r:r13d i:0x8
213a0b	mov	r:rdx m:rsp::1:0x8:8
213a10	mov	r:rdi r:r13
213a13	mov	r:rsi m:rsp::1:0x20:8
213a18	call	m:rip::1:0x6e532:8
213a1e	mov	r:rax m:rsp::1:0x30:8
213a23	mov	r:rbx m:rax::1:0x10:8
213a27	cmp	m:rax::1:0x0:8 r:r15
213a2a	jne	i:0x213a35
213a2c	mov	r:r14 m:rax::1:0x8:8
213a30	jmp	i:0x213ae3
213a35	test	r:rbx r:rbx
213a38	je	i:0x213a6f
213a3a	mov	r:rsi m:rax::1:0x8:8
213a3e	cmp	r:rbx i:0x1
213a42	jne	i:0x213a74
213a44	mov	r:rbx m:rsi::1:0x0:8
213a47	mov	r:r14d i:0x1
213a4d	jmp	i:0x213ae3
213a52	mov	r:r14d i:0x8
213a58	xor	r:r15d r:r15d
213a5b	mov	r:rdi r:r14
213a5e	mov	r:rsi r:r8
213a61	mov	r:rdx r:rbx
213a64	call	m:rip::1:0x6e4e6:8
213a6a	jmp	i:0x213723
213a6f	mov	r:r14 r:rbx
213a72	jmp	i:0x213ae3
213a74	lea	r:rdx m::rbx:8:0x0:8
213a7c	mov	r:rax r:rbx
213a7f	shr	r:rax i:0x3d
213a83	setne	r:al
213a86	lea	r:rcx m:r15::1:-0x8:8
213a8a	cmp	r:rdx r:rcx
213a8d	seta	r:cl
213a90	or	r:cl r:al
213a92	jne	i:0x2135a4
213a98	test	r:rdx r:rdx
213a9b	je	i:0x213ad1
213a9d	mov	m:rsp::1:0x8:8 r:rsi
213aa2	mov	r:r15d i:0x8
213aa8	mov	r:esi i:0x8
213aad	mov	r:rdi r:rdx
213ab0	mov	r:r14 r:rdx
213ab3	call	i:0x2125d0
213ab8	mov	r:rdx r:r14
213abb	test	r:rax r:rax
213abe	je	i:0x2135a7
213ac4	mov	r:r14 r:rax
213ac7	mov	r:r15 r:rbx
213aca	mov	r:rsi m:rsp::1:0x8:8
213acf	jmp	i:0x213ada
213ad1	mov	r:r14d i:0x8
213ad7	xor	r:r15d r:r15d
213ada	mov	r:rdi r:r14
213add	call	m:rip::1:0x6e46d:8
213ae3	mov	r:edi i:0x10
213ae8	call	m:rip::1:0x6e46a:8
213aee	test	r:rax r:rax
213af1	je	i:0x213cb9
213af7	mov	r:rcx m:rsp::1:0x160:8
213aff	mov	m:rax::1:0x0:8 r:rcx
213b02	mov	m:rax::1:0x8:1 i:0x1
213b06	lea	r:rcx m:rsp::1:0xd0:8
213b0e	mov	r:rdx m:rsp::1:0x28:8
213b13	mov	m:rcx::1:0x0:8 r:rdx
213b16	mov	m:rcx::1:0x8:8 r:rbp
213b1a	mov	m:rcx::1:0x10:8 r:r13
213b1e	mov	m:rcx::1:0x18:8 r:r12
213b22	mov	r:edx i:0x1
213b27	mov	m:rcx::1:0x20:8 r:rdx
213b2b	mov	m:rcx::1:0x28:8 r:rax
213b2f	mov	m:rcx::1:0x30:8 r:rdx
213b33	mov	m:rcx::1:0x38:8 r:r15
213b37	mov	m:rcx::1:0x40:8 r:r14
213b3b	mov	m:rcx::1:0x48:8 r:rbx
213b3f	lea	r:rbx m:rsp::1:0x80:8
213b47	mov	r:rdi r:rbx
213b4a	mov	r:rbp m:rsp::1:0x168:8
213b52	mov	r:rsi r:rbp
213b55	mov	r:rdx m:rsp::1:0x170:8
213b5d	call	i:0x213ce4
213b62	mov	r:rax m:rbx::1:0x0:8
213b65	movabs	r:r15 i:-0x8000000000000000
213b6f	cmp	r:rax r:r15
213b72	jne	i:0x213c76
213b78	mov	r:edi i:0x20
213b7d	call	m:rip::1:0x6e3d5:8
213b83	test	r:rax r:rax
213b86	je	i:0x213cc8
213b8c	mov	r:edx i:0x2
213b91	lea	r:rcx m:rsp::1:0xd0:8
213b99	mov	m:rcx::1:0x8:8 r:rdx
213b9d	mov	m:rcx::1:0x10:8 r:rax
213ba1	mov	r:r14 m:rsp::1:0x38:8
213ba6	movups	r:xmm0 m:r14::1:0x0:16
213baa	movups	r:xmm1 m:r14::1:0x10:16
213baf	movups	m:rax::1:0x10:16 r:xmm1
213bb3	movups	m:rax::1:0x0:16 r:xmm0
213bb6	mov	m:rcx::1:0x18:8 r:rdx
213bba	mov	m:rcx::1:0x0:8 r:r15
213bbd	mov	r:r13 m:rsp::1:0x160:8
213bc5	mov	m:rcx::1:0x20:8 r:r13
213bc9	lea	r:rbx m:rsp::1:0x80:8
213bd1	mov	r:rdi r:rbx
213bd4	mov	r:rsi r:rbp
213bd7	mov	r:rdx m:rsp::1:0x170:8
213bdf	call	i:0x213ce4
213be4	mov	r:rax m:rbx::1:0x0:8
213be7	cmp	r:rax r:r15
213bea	jne	i:0x213c76
213bf0	lea	r:rbx m:rsp::1:0x80:8
213bf8	mov	r:rdi r:rbx
213bfb	mov	r:rsi m:rsp::1:0x20:8
213c00	mov	r:rdx r:r12
213c03	call	i:0x21ac72
213c08	lea	r:rdi m:rsp::1:0xb0:8
213c10	mov	r:rsi m:rsp::1:0x40:8
213c15	call	i:0x209a8b
213c1a	lea	r:rdi m:rsp::1:0x98:8
213c22	mov	r:rsi r:r14
213c25	call	i:0x21ac21
213c2a	lea	r:rax m:rsp::1:0xd0:8
213c32	mov	r:ecx i:0x9
213c37	mov	r:rdi r:rax
213c3a	mov	r:rsi r:rbx
213c3d	rep_movs	i:0x8
213c40	mov	m:rax::1:0x48:8 r:r13
213c44	mov	r:rdi m:rsp::1:0x0:8
213c48	mov	r:rsi r:rbp
213c4b	mov	r:rdx m:rsp::1:0x170:8
213c53	mov	r:rcx r:rax
213c56	call	i:0x213ce4
213c5b	mov	r:rdi m:rsp::1:0x10:8
213c60	cmp	r:rdi r:r15
213c63	je	i:0x213ca7
213c65	mov	r:edx i:0x8
213c6a	mov	r:ecx i:0x8
213c6f	mov	r:rsi m:rsp::1:0x18:8
213c74	jmp	i:0x213ca2
213c76	movups	r:xmm0 m:rsp::1:0x88:16
213c7e	mov	r:rcx m:rsp::1:0x0:8
213c82	movups	m:rcx::1:0x8:16 r:xmm0
213c86	mov	m:rcx::1:0x0:8 r:rax
213c89	mov	r:rdi m:rsp::1:0x10:8
213c8e	cmp	r:rdi r:r15
213c91	je	i:0x213ca7
213c93	mov	r:rsi m:rsp::1:0x50:8
213c98	mov	r:edx i:0x8
213c9d	mov	r:ecx i:0x8
213ca2	call	i:0x2331d3
213ca7	add	r:rsp i:0x128
213cae	pop	r:rbx
213caf	pop	r:r12
213cb1	pop	r:r13
213cb3	pop	r:r14
213cb5	pop	r:r15
213cb7	pop	r:rbp
213cb8	ret	
213cb9	mov	r:edi i:0x8
213cbe	mov	r:esi i:0x10
213cc3	call	i:0x20b6ce
213cc8	mov	r:edi i:0x8
213ccd	mov	r:esi i:0x20
213cd2	call	i:0x20b5c5
213cd7	mov	r:edi i:0x1
213cdc	mov	r:rsi r:r14
213cdf	call	i:0x20b5c5
