7f88f	9bf66	_RNvMNtCsdpsOGJVkNCx_11g_momonados18reversible_modularNtB2_15ModularMultiply3new
7f9c0	b2493	_RNvMs2_NtCskLLYNqycIrM_5alloc7raw_vecNtB5_11RawVecInner10deallocateCsk0jeUoGqz9c_5gimli
7f9df	b2493	_RNvMs2_NtCskLLYNqycIrM_5alloc7raw_vecNtB5_11RawVecInner10deallocateCsk0jeUoGqz9c_5gimli
7fa08	88675	_RNvNtCskLLYNqycIrM_5alloc7raw_vec12handle_error
7fa20	8f680	_RNvCsk86JGSqdI7m_7___rustc12___rust_alloc
7fb39	bc627	_RNvNtNtCsj3tWkqr9aMa_10num_bigint7biguint8division11div_rem_cow
7fb6c	b2493	_RNvMs2_NtCskLLYNqycIrM_5alloc7raw_vecNtB5_11RawVecInner10deallocateCsk0jeUoGqz9c_5gimli
7fc3a	b6ee4	_RNvMs0_NtCskLLYNqycIrM_5alloc7raw_vecINtB5_6RawVecNtNtCsj3tWkqr9aMa_10num_bigint7biguint7BigUintE8grow_oneBQ_
7fc79	9b2ea	_RNvXs8_NtNtCsj3tWkqr9aMa_10num_bigint7biguint14multiplicationRNtB7_7BigUintNtNtNtCsnruyAgQs18_4core3ops5arith3Mul3mul
7fd4e	bc627	_RNvNtNtCsj3tWkqr9aMa_10num_bigint7biguint8division11div_rem_cow
7fd93	b2493	_RNvMs2_NtCskLLYNqycIrM_5alloc7raw_vecNtB5_11RawVecInner10deallocateCsk0jeUoGqz9c_5gimli
7fdfa	b2493	_RNvMs2_NtCskLLYNqycIrM_5alloc7raw_vecNtB5_11RawVecInner10deallocateCsk0jeUoGqz9c_5gimli
7fe0d	9b2ea	_RNvXs8_NtNtCsj3tWkqr9aMa_10num_bigint7biguint14multiplicationRNtB7_7BigUintNtNtNtCsnruyAgQs18_4core3ops5arith3Mul3mul
7fec7	bc627	_RNvNtNtCsj3tWkqr9aMa_10num_bigint7biguint8division11div_rem_cow
7ff03	b2493	_RNvMs2_NtCskLLYNqycIrM_5alloc7raw_vecNtB5_11RawVecInner10deallocateCsk0jeUoGqz9c_5gimli
7ff5f	b2493	_RNvMs2_NtCskLLYNqycIrM_5alloc7raw_vecNtB5_11RawVecInner10deallocateCsk0jeUoGqz9c_5gimli
7ff7d	b2493	_RNvMs2_NtCskLLYNqycIrM_5alloc7raw_vecNtB5_11RawVecInner10deallocateCsk0jeUoGqz9c_5gimli
7ffb0	b2493	_RNvMs2_NtCskLLYNqycIrM_5alloc7raw_vecNtB5_11RawVecInner10deallocateCsk0jeUoGqz9c_5gimli
8000d	8f680	_RNvCsk86JGSqdI7m_7___rustc12___rust_alloc
8005f	88675	_RNvNtCskLLYNqycIrM_5alloc7raw_vec12handle_error
8007f	afc8e	_RNvMs_NtCsdpsOGJVkNCx_11g_momonados14ququart_factorNtB4_20QuquartPowerSchedule13from_prepared
8009d	b2493	_RNvMs2_NtCskLLYNqycIrM_5alloc7raw_vecNtB5_11RawVecInner10deallocateCsk0jeUoGqz9c_5gimli
80112	7a713	_RINvNtCsnruyAgQs18_4core3ptr13drop_in_placeINtNtB4_6option6OptionNtNtCsdpsOGJVkNCx_11g_momonados14ququart_factor20QuquartPowerScheduleEECsdJEnVQ2ios3_20ququart_factor_baked
80173	7a8aa	_RINvNtCsnruyAgQs18_4core3ptr13drop_in_placeNtNtCsdpsOGJVkNCx_11g_momonados13phase_unbraid23PhaseReadoutAccumulatorECsdJEnVQ2ios3_20ququart_factor_baked
801d8	b2493	_RNvMs2_NtCskLLYNqycIrM_5alloc7raw_vecNtB5_11RawVecInner10deallocateCsk0jeUoGqz9c_5gimli
801f3	b2493	_RNvMs2_NtCskLLYNqycIrM_5alloc7raw_vecNtB5_11RawVecInner10deallocateCsk0jeUoGqz9c_5gimli
80234	b30e5	_RNvMs2_NtCskLLYNqycIrM_5alloc7raw_vecNtB5_11RawVecInner10deallocateCsfD1Gv4SB9fp_10imasm_core
80300	9bf66	_RNvMNtCsdpsOGJVkNCx_11g_momonados18reversible_modularNtB2_15ModularMultiply3new
8039f	b1d05	_RNvXs_NtCsdpsOGJVkNCx_11g_momonados19ququart_folded_workNtB4_23QuquartFoldedWorkDeviceNtNtB6_14ququart_factor18QuquartPhaseDevice5abort
804b4	8f614	_RNvMs2_NtCskLLYNqycIrM_5alloc7raw_vecNtB5_11RawVecInner17try_reserve_exactCs22DQ8UGc6mr_6cudarc
804fe	b3598	_RNvXs1_NtCskLLYNqycIrM_5alloc7raw_vecINtB5_6RawVecbENtNtNtCsnruyAgQs18_4core3ops4drop4Drop4dropCsfD1Gv4SB9fp_10imasm_core
80535	fcc8e	_RNvMs1_NtCskLLYNqycIrM_5alloc3vecINtB5_3VechE6resizeCsg3cQm1fbFB4_3vox
80692	b7095	_RNvNtNtCsj3tWkqr9aMa_10num_bigint7biguint7convert22from_bitwise_digits_le
8076a	b2493	_RNvMs2_NtCskLLYNqycIrM_5alloc7raw_vecNtB5_11RawVecInner10deallocateCsk0jeUoGqz9c_5gimli
807a4	b3598	_RNvXs1_NtCskLLYNqycIrM_5alloc7raw_vecINtB5_6RawVecbENtNtNtCsnruyAgQs18_4core3ops4drop4Drop4dropCsfD1Gv4SB9fp_10imasm_core
80840	b3382	_RINvNtCskLLYNqycIrM_5alloc3vec9from_elembECsfD1Gv4SB9fp_10imasm_core
80946	b2493	_RNvMs2_NtCskLLYNqycIrM_5alloc7raw_vecNtB5_11RawVecInner10deallocateCsk0jeUoGqz9c_5gimli
809b6	931e9	_RINvMs2_NtNtCsHhKrCRAwTZ_3std6thread5localINtB6_8LocalKeyINtNtCsnruyAgQs18_4core4cell4CellTyyEEE4withNCNvMNtNtBa_4hash6randomNtB1G_11RandomState3new0B1Z_ECsdpsOGJVkNCx_11g_momonados
809c6	b1de9	_RINvNtCsnruyAgQs18_4core3ptr13drop_in_placeNtNtCsdpsOGJVkNCx_11g_momonados16ququart_decision13DecisionArenaEBJ_
80ac8	92754	_RNvMs_NtCsdpsOGJVkNCx_11g_momonados16ququart_decisionNtB4_13DecisionArena6intern
80c0f	c251e	_RNvMsj_NtCsj3tWkqr9aMa_10num_bigint7biguintNtB5_7BigUint7set_bit
80c9d	a28ea	_RNvMs2_NtCsdpsOGJVkNCx_11g_momonados13phase_unbraidNtB5_16FixedPointFormat5scale
80cca	92754	_RNvMs_NtCsdpsOGJVkNCx_11g_momonados16ququart_decisionNtB4_13DecisionArena6intern
80cf4	92754	_RNvMs_NtCsdpsOGJVkNCx_11g_momonados16ququart_decisionNtB4_13DecisionArena6intern
80e0d	92754	_RNvMs_NtCsdpsOGJVkNCx_11g_momonados16ququart_decisionNtB4_13DecisionArena6intern
80ea4	92578	_RNvMs_NtCsdpsOGJVkNCx_11g_momonados16ququart_decisionNtB4_13DecisionArena4fold
80ee3	b2493	_RNvMs2_NtCskLLYNqycIrM_5alloc7raw_vecNtB5_11RawVecInner10deallocateCsk0jeUoGqz9c_5gimli
80f00	b2493	_RNvMs2_NtCskLLYNqycIrM_5alloc7raw_vecNtB5_11RawVecInner10deallocateCsk0jeUoGqz9c_5gimli
80f0d	b3598	_RNvXs1_NtCskLLYNqycIrM_5alloc7raw_vecINtB5_6RawVecbENtNtNtCsnruyAgQs18_4core3ops4drop4Drop4dropCsfD1Gv4SB9fp_10imasm_core
80f9d	b1f2b	_RNvXs_NtCsdpsOGJVkNCx_11g_momonados19ququart_folded_workNtB4_23QuquartFoldedWorkDeviceNtNtB6_14ququart_factor18QuquartPhaseDevice7fourier
80fcd	a73aa	_RNvMNtCsdpsOGJVkNCx_11g_momonados19ququart_folded_workNtB2_23QuquartFoldedWorkDevice14require_active
80ffa	9bf66	_RNvMNtCsdpsOGJVkNCx_11g_momonados18reversible_modularNtB2_15ModularMultiply3new
8119e	bc627	_RNvNtNtCsj3tWkqr9aMa_10num_bigint7biguint8division11div_rem_cow
811e3	b2493	_RNvMs2_NtCskLLYNqycIrM_5alloc7raw_vecNtB5_11RawVecInner10deallocateCsk0jeUoGqz9c_5gimli
812ca	8fa83	_RNvNtCsdpsOGJVkNCx_11g_momonados18reversible_modular7inverse
81318	b2493	_RNvMs2_NtCskLLYNqycIrM_5alloc7raw_vecNtB5_11RawVecInner10deallocateCsk0jeUoGqz9c_5gimli
8133c	9b2ea	_RNvXs8_NtNtCsj3tWkqr9aMa_10num_bigint7biguint14multiplicationRNtB7_7BigUintNtNtNtCsnruyAgQs18_4core3ops5arith3Mul3mul
813c4	903d2	_RNvXs_NtNtCskLLYNqycIrM_5alloc3vec21spec_from_iter_nestedINtB6_3VecjEINtB4_18SpecFromIterNestedjINtNtNtCsnruyAgQs18_4core3ops5range14RangeInclusivejEE9from_iterCsdpsOGJVkNCx_11g_momonados
813f7	903d2	_RNvXs_NtNtCskLLYNqycIrM_5alloc3vec21spec_from_iter_nestedINtB6_3VecjEINtB4_18SpecFromIterNestedjINtNtNtCsnruyAgQs18_4core3ops5range14RangeInclusivejEE9from_iterCsdpsOGJVkNCx_11g_momonados
814d1	b32ba	_RNvXsa_NtCskLLYNqycIrM_5alloc3vecINtB5_3VecjENtNtCsnruyAgQs18_4core5clone5Clone5cloneCsfD1Gv4SB9fp_10imasm_core
81504	8f680	_RNvCsk86JGSqdI7m_7___rustc12___rust_alloc
8163a	8f680	_RNvCsk86JGSqdI7m_7___rustc12___rust_alloc
8168f	8f680	_RNvCsk86JGSqdI7m_7___rustc12___rust_alloc
817f7	90522	_RNCINvMNtCsdpsOGJVkNCx_11g_momonados18reversible_modularNtB5_15ModularMultiply25emit_ququart_nested_radixNCNvXs_NtB7_19ququart_folded_workNtB1M_23QuquartFoldedWorkDeviceNtNtB7_14ququart_factor18QuquartPhaseDevice19controlled_multiply0Es_0B7_
81835	b6f4e	_RNvXs_NtCskLLYNqycIrM_5alloc6borrowNtNtCsj3tWkqr9aMa_10num_bigint7biguint7BigUintNtB4_7ToOwned8to_ownedBB_
81880	bb3d9	_RNvNtNtCsj3tWkqr9aMa_10num_bigint7biguint5shift12biguint_shl2
81958	bc627	_RNvNtNtCsj3tWkqr9aMa_10num_bigint7biguint8division11div_rem_cow
8199e	b2493	_RNvMs2_NtCskLLYNqycIrM_5alloc7raw_vecNtB5_11RawVecInner10deallocateCsk0jeUoGqz9c_5gimli
81a09	b2493	_RNvMs2_NtCskLLYNqycIrM_5alloc7raw_vecNtB5_11RawVecInner10deallocateCsk0jeUoGqz9c_5gimli
81a37	b2493	_RNvMs2_NtCskLLYNqycIrM_5alloc7raw_vecNtB5_11RawVecInner10deallocateCsk0jeUoGqz9c_5gimli
81bcc	90522	_RNCINvMNtCsdpsOGJVkNCx_11g_momonados18reversible_modularNtB5_15ModularMultiply25emit_ququart_nested_radixNCNvXs_NtB7_19ququart_folded_workNtB1M_23QuquartFoldedWorkDeviceNtNtB7_14ququart_factor18QuquartPhaseDevice19controlled_multiply0Es_0B7_
81d4a	bc1c9	_RNvXs_NtNtCsj3tWkqr9aMa_10num_bigint7biguint11subtractionNtB6_7BigUintINtNtNtCsnruyAgQs18_4core3ops5arith9SubAssignRBT_E10sub_assign
81d89	b32ba	_RNvXsa_NtCskLLYNqycIrM_5alloc3vecINtB5_3VecjENtNtCsnruyAgQs18_4core5clone5Clone5cloneCsfD1Gv4SB9fp_10imasm_core
81dc7	8f680	_RNvCsk86JGSqdI7m_7___rustc12___rust_alloc
81e57	8f680	_RNvCsk86JGSqdI7m_7___rustc12___rust_alloc
81f55	90522	_RNCINvMNtCsdpsOGJVkNCx_11g_momonados18reversible_modularNtB5_15ModularMultiply25emit_ququart_nested_radixNCNvXs_NtB7_19ququart_folded_workNtB1M_23QuquartFoldedWorkDeviceNtNtB7_14ququart_factor18QuquartPhaseDevice19controlled_multiply0Es_0B7_
81f93	b6f4e	_RNvXs_NtCskLLYNqycIrM_5alloc6borrowNtNtCsj3tWkqr9aMa_10num_bigint7biguint7BigUintNtB4_7ToOwned8to_ownedBB_
81fdd	bb3d9	_RNvNtNtCsj3tWkqr9aMa_10num_bigint7biguint5shift12biguint_shl2
820af	bc627	_RNvNtNtCsj3tWkqr9aMa_10num_bigint7biguint8division11div_rem_cow
82109	b2493	_RNvMs2_NtCskLLYNqycIrM_5alloc7raw_vecNtB5_11RawVecInner10deallocateCsk0jeUoGqz9c_5gimli
82180	b2493	_RNvMs2_NtCskLLYNqycIrM_5alloc7raw_vecNtB5_11RawVecInner10deallocateCsk0jeUoGqz9c_5gimli
821ae	b2493	_RNvMs2_NtCskLLYNqycIrM_5alloc7raw_vecNtB5_11RawVecInner10deallocateCsk0jeUoGqz9c_5gimli
82229	8f680	_RNvCsk86JGSqdI7m_7___rustc12___rust_alloc
82330	bc627	_RNvNtNtCsj3tWkqr9aMa_10num_bigint7biguint8division11div_rem_cow
82375	b2493	_RNvMs2_NtCskLLYNqycIrM_5alloc7raw_vecNtB5_11RawVecInner10deallocateCsk0jeUoGqz9c_5gimli
823b7	b2493	_RNvMs2_NtCskLLYNqycIrM_5alloc7raw_vecNtB5_11RawVecInner10deallocateCsk0jeUoGqz9c_5gimli
823d6	b30e5	_RNvMs2_NtCskLLYNqycIrM_5alloc7raw_vecNtB5_11RawVecInner10deallocateCsfD1Gv4SB9fp_10imasm_core
823f5	b30e5	_RNvMs2_NtCskLLYNqycIrM_5alloc7raw_vecNtB5_11RawVecInner10deallocateCsfD1Gv4SB9fp_10imasm_core
82420	b2493	_RNvMs2_NtCskLLYNqycIrM_5alloc7raw_vecNtB5_11RawVecInner10deallocateCsk0jeUoGqz9c_5gimli
824ac	b2493	_RNvMs2_NtCskLLYNqycIrM_5alloc7raw_vecNtB5_11RawVecInner10deallocateCsk0jeUoGqz9c_5gimli
82635	bc627	_RNvNtNtCsj3tWkqr9aMa_10num_bigint7biguint8division11div_rem_cow
8267a	b2493	_RNvMs2_NtCskLLYNqycIrM_5alloc7raw_vecNtB5_11RawVecInner10deallocateCsk0jeUoGqz9c_5gimli
82756	8fa83	_RNvNtCsdpsOGJVkNCx_11g_momonados18reversible_modular7inverse
827c4	b2493	_RNvMs2_NtCskLLYNqycIrM_5alloc7raw_vecNtB5_11RawVecInner10deallocateCsk0jeUoGqz9c_5gimli
827e6	92578	_RNvMs_NtCsdpsOGJVkNCx_11g_momonados16ququart_decisionNtB4_13DecisionArena4fold
8282a	b2493	_RNvMs2_NtCskLLYNqycIrM_5alloc7raw_vecNtB5_11RawVecInner10deallocateCsk0jeUoGqz9c_5gimli
82899	903d2	_RNvXs_NtNtCskLLYNqycIrM_5alloc3vec21spec_from_iter_nestedINtB6_3VecjEINtB4_18SpecFromIterNestedjINtNtNtCsnruyAgQs18_4core3ops5range14RangeInclusivejEE9from_iterCsdpsOGJVkNCx_11g_momonados
828cc	903d2	_RNvXs_NtNtCskLLYNqycIrM_5alloc3vec21spec_from_iter_nestedINtB6_3VecjEINtB4_18SpecFromIterNestedjINtNtNtCsnruyAgQs18_4core3ops5range14RangeInclusivejEE9from_iterCsdpsOGJVkNCx_11g_momonados
829c3	b32ba	_RNvXsa_NtCskLLYNqycIrM_5alloc3vecINtB5_3VecjENtNtCsnruyAgQs18_4core5clone5Clone5cloneCsfD1Gv4SB9fp_10imasm_core
82a00	8f680	_RNvCsk86JGSqdI7m_7___rustc12___rust_alloc
82b1e	8f680	_RNvCsk86JGSqdI7m_7___rustc12___rust_alloc
82c31	90522	_RNCINvMNtCsdpsOGJVkNCx_11g_momonados18reversible_modularNtB5_15ModularMultiply25emit_ququart_nested_radixNCNvXs_NtB7_19ququart_folded_workNtB1M_23QuquartFoldedWorkDeviceNtNtB7_14ququart_factor18QuquartPhaseDevice19controlled_multiply0Es_0B7_
82c65	b6f4e	_RNvXs_NtCskLLYNqycIrM_5alloc6borrowNtNtCsj3tWkqr9aMa_10num_bigint7biguint7BigUintNtB4_7ToOwned8to_ownedBB_
82cb0	bb3d9	_RNvNtNtCsj3tWkqr9aMa_10num_bigint7biguint5shift12biguint_shl2
82d7a	bc627	_RNvNtNtCsj3tWkqr9aMa_10num_bigint7biguint8division11div_rem_cow
82db6	b2493	_RNvMs2_NtCskLLYNqycIrM_5alloc7raw_vecNtB5_11RawVecInner10deallocateCsk0jeUoGqz9c_5gimli
82e10	b2493	_RNvMs2_NtCskLLYNqycIrM_5alloc7raw_vecNtB5_11RawVecInner10deallocateCsk0jeUoGqz9c_5gimli
82e34	b2493	_RNvMs2_NtCskLLYNqycIrM_5alloc7raw_vecNtB5_11RawVecInner10deallocateCsk0jeUoGqz9c_5gimli
82e9e	8f680	_RNvCsk86JGSqdI7m_7___rustc12___rust_alloc
83051	90522	_RNCINvMNtCsdpsOGJVkNCx_11g_momonados18reversible_modularNtB5_15ModularMultiply25emit_ququart_nested_radixNCNvXs_NtB7_19ququart_folded_workNtB1M_23QuquartFoldedWorkDeviceNtNtB7_14ququart_factor18QuquartPhaseDevice19controlled_multiply0Es_0B7_
831c9	bc1c9	_RNvXs_NtNtCsj3tWkqr9aMa_10num_bigint7biguint11subtractionNtB6_7BigUintINtNtNtCsnruyAgQs18_4core3ops5arith9SubAssignRBT_E10sub_assign
83205	b32ba	_RNvXsa_NtCskLLYNqycIrM_5alloc3vecINtB5_3VecjENtNtCsnruyAgQs18_4core5clone5Clone5cloneCsfD1Gv4SB9fp_10imasm_core
83243	8f680	_RNvCsk86JGSqdI7m_7___rustc12___rust_alloc
832d9	8f680	_RNvCsk86JGSqdI7m_7___rustc12___rust_alloc
833da	90522	_RNCINvMNtCsdpsOGJVkNCx_11g_momonados18reversible_modularNtB5_15ModularMultiply25emit_ququart_nested_radixNCNvXs_NtB7_19ququart_folded_workNtB1M_23QuquartFoldedWorkDeviceNtNtB7_14ququart_factor18QuquartPhaseDevice19controlled_multiply0Es_0B7_
8340e	b6f4e	_RNvXs_NtCskLLYNqycIrM_5alloc6borrowNtNtCsj3tWkqr9aMa_10num_bigint7biguint7BigUintNtB4_7ToOwned8to_ownedBB_
83459	bb3d9	_RNvNtNtCsj3tWkqr9aMa_10num_bigint7biguint5shift12biguint_shl2
83520	bc627	_RNvNtNtCsj3tWkqr9aMa_10num_bigint7biguint8division11div_rem_cow
8356d	b2493	_RNvMs2_NtCskLLYNqycIrM_5alloc7raw_vecNtB5_11RawVecInner10deallocateCsk0jeUoGqz9c_5gimli
835e3	b2493	_RNvMs2_NtCskLLYNqycIrM_5alloc7raw_vecNtB5_11RawVecInner10deallocateCsk0jeUoGqz9c_5gimli
83607	b2493	_RNvMs2_NtCskLLYNqycIrM_5alloc7raw_vecNtB5_11RawVecInner10deallocateCsk0jeUoGqz9c_5gimli
83671	8f680	_RNvCsk86JGSqdI7m_7___rustc12___rust_alloc
83728	b2493	_RNvMs2_NtCskLLYNqycIrM_5alloc7raw_vecNtB5_11RawVecInner10deallocateCsk0jeUoGqz9c_5gimli
83756	b2493	_RNvMs2_NtCskLLYNqycIrM_5alloc7raw_vecNtB5_11RawVecInner10deallocateCsk0jeUoGqz9c_5gimli
83775	b30e5	_RNvMs2_NtCskLLYNqycIrM_5alloc7raw_vecNtB5_11RawVecInner10deallocateCsfD1Gv4SB9fp_10imasm_core
83794	b30e5	_RNvMs2_NtCskLLYNqycIrM_5alloc7raw_vecNtB5_11RawVecInner10deallocateCsfD1Gv4SB9fp_10imasm_core
837f6	b2493	_RNvMs2_NtCskLLYNqycIrM_5alloc7raw_vecNtB5_11RawVecInner10deallocateCsk0jeUoGqz9c_5gimli
83815	b30e5	_RNvMs2_NtCskLLYNqycIrM_5alloc7raw_vecNtB5_11RawVecInner10deallocateCsfD1Gv4SB9fp_10imasm_core
83834	b30e5	_RNvMs2_NtCskLLYNqycIrM_5alloc7raw_vecNtB5_11RawVecInner10deallocateCsfD1Gv4SB9fp_10imasm_core
83855	b2493	_RNvMs2_NtCskLLYNqycIrM_5alloc7raw_vecNtB5_11RawVecInner10deallocateCsk0jeUoGqz9c_5gimli
83880	b2493	_RNvMs2_NtCskLLYNqycIrM_5alloc7raw_vecNtB5_11RawVecInner10deallocateCsk0jeUoGqz9c_5gimli
838ee	b2493	_RNvMs2_NtCskLLYNqycIrM_5alloc7raw_vecNtB5_11RawVecInner10deallocateCsk0jeUoGqz9c_5gimli
8396b	a73aa	_RNvMNtCsdpsOGJVkNCx_11g_momonados19ququart_folded_workNtB2_23QuquartFoldedWorkDevice14require_active
839bb	bb3d9	_RNvNtNtCsj3tWkqr9aMa_10num_bigint7biguint5shift12biguint_shl2
83a71	b7303	_RNvNtNtCsj3tWkqr9aMa_10num_bigint7biguint14multiplication10scalar_mul
83ab6	b2493	_RNvMs2_NtCskLLYNqycIrM_5alloc7raw_vecNtB5_11RawVecInner10deallocateCsk0jeUoGqz9c_5gimli
83b13	9d8b6	_RNvMs3_NtCsdpsOGJVkNCx_11g_momonados13phase_unbraidNtB5_12FixedComplex15winding_twiddle
83ba9	b2493	_RNvMs2_NtCskLLYNqycIrM_5alloc7raw_vecNtB5_11RawVecInner10deallocateCsk0jeUoGqz9c_5gimli
83bdc	a7423	_RNvMs_NtCsdpsOGJVkNCx_11g_momonados16ququart_decisionNtB4_13DecisionArena5scale
83c12	b2493	_RNvMs2_NtCskLLYNqycIrM_5alloc7raw_vecNtB5_11RawVecInner10deallocateCsk0jeUoGqz9c_5gimli
83c36	b2493	_RNvMs2_NtCskLLYNqycIrM_5alloc7raw_vecNtB5_11RawVecInner10deallocateCsk0jeUoGqz9c_5gimli
83c76	8f680	_RNvCsk86JGSqdI7m_7___rustc12___rust_alloc
83cf0	b2493	_RNvMs2_NtCskLLYNqycIrM_5alloc7raw_vecNtB5_11RawVecInner10deallocateCsk0jeUoGqz9c_5gimli
83d28	92578	_RNvMs_NtCsdpsOGJVkNCx_11g_momonados16ququart_decisionNtB4_13DecisionArena4fold
83d78	b2493	_RNvMs2_NtCskLLYNqycIrM_5alloc7raw_vecNtB5_11RawVecInner10deallocateCsk0jeUoGqz9c_5gimli
83daa	b1f2b	_RNvXs_NtCsdpsOGJVkNCx_11g_momonados19ququart_folded_workNtB4_23QuquartFoldedWorkDeviceNtNtB6_14ququart_factor18QuquartPhaseDevice7fourier
83dd5	a73aa	_RNvMNtCsdpsOGJVkNCx_11g_momonados19ququart_folded_workNtB2_23QuquartFoldedWorkDevice14require_active
83e2a	931e9	_RINvMs2_NtNtCsHhKrCRAwTZ_3std6thread5localINtB6_8LocalKeyINtNtCsnruyAgQs18_4core4cell4CellTyyEEE4withNCNvMNtNtBa_4hash6randomNtB1G_11RandomState3new0B1Z_ECsdpsOGJVkNCx_11g_momonados
83e74	a7ceb	_RNvNvMs_NtCsdpsOGJVkNCx_11g_momonados16ququart_decisionNtB6_13DecisionArena4mass5visit
83f04	b2493	_RNvMs2_NtCskLLYNqycIrM_5alloc7raw_vecNtB5_11RawVecInner10deallocateCsk0jeUoGqz9c_5gimli
8406f	bbd0b	_RNvXs_NtNtCsj3tWkqr9aMa_10num_bigint7biguint8additionNtB6_7BigUintINtNtNtCsnruyAgQs18_4core3ops5arith9AddAssignRBP_E10add_assign.407
840c0	bbd0b	_RNvXs_NtNtCsj3tWkqr9aMa_10num_bigint7biguint8additionNtB6_7BigUintINtNtNtCsnruyAgQs18_4core3ops5arith9AddAssignRBP_E10add_assign.407
84102	b2493	_RNvMs2_NtCskLLYNqycIrM_5alloc7raw_vecNtB5_11RawVecInner10deallocateCsk0jeUoGqz9c_5gimli
8417a	8f680	_RNvCsk86JGSqdI7m_7___rustc12___rust_alloc
8448b	8f614	_RNvMs2_NtCskLLYNqycIrM_5alloc7raw_vecNtB5_11RawVecInner17try_reserve_exactCs22DQ8UGc6mr_6cudarc
844e1	b3598	_RNvXs1_NtCskLLYNqycIrM_5alloc7raw_vecINtB5_6RawVecbENtNtNtCsnruyAgQs18_4core3ops4drop4Drop4dropCsfD1Gv4SB9fp_10imasm_core
84525	b2493	_RNvMs2_NtCskLLYNqycIrM_5alloc7raw_vecNtB5_11RawVecInner10deallocateCsk0jeUoGqz9c_5gimli
845d2	b2493	_RNvMs2_NtCskLLYNqycIrM_5alloc7raw_vecNtB5_11RawVecInner10deallocateCsk0jeUoGqz9c_5gimli
8465e	bb3d9	_RNvNtNtCsj3tWkqr9aMa_10num_bigint7biguint5shift12biguint_shl2
84679	9fffc	_RNvXs_NtNtCsj3tWkqr9aMa_10num_bigint7biguint8additionNtB6_7BigUintINtNtNtCsnruyAgQs18_4core3ops5arith9AddAssignRBP_E10add_assign
84698	b2493	_RNvMs2_NtCskLLYNqycIrM_5alloc7raw_vecNtB5_11RawVecInner10deallocateCsk0jeUoGqz9c_5gimli
846c7	9fffc	_RNvXs_NtNtCsj3tWkqr9aMa_10num_bigint7biguint8additionNtB6_7BigUintINtNtNtCsnruyAgQs18_4core3ops5arith9AddAssignRBP_E10add_assign
84754	92754	_RNvMs_NtCsdpsOGJVkNCx_11g_momonados16ququart_decisionNtB4_13DecisionArena6intern
84788	92578	_RNvMs_NtCsdpsOGJVkNCx_11g_momonados16ququart_decisionNtB4_13DecisionArena4fold
84805	bec58	_RNvXsi_NtCsj3tWkqr9aMa_10num_bigint7biguintNtB5_7BigUintNtNtCs9tfi6Vxkrxw_11num_integer5roots5Roots4sqrt
8489f	a28ea	_RNvMs2_NtCsdpsOGJVkNCx_11g_momonados13phase_unbraidNtB5_16FixedPointFormat5scale
848a4	931e9	_RINvMs2_NtNtCsHhKrCRAwTZ_3std6thread5localINtB6_8LocalKeyINtNtCsnruyAgQs18_4core4cell4CellTyyEEE4withNCNvMNtNtBa_4hash6randomNtB1G_11RandomState3new0B1Z_ECsdpsOGJVkNCx_11g_momonados
848ed	a7788	_RNvNvMs_NtCsdpsOGJVkNCx_11g_momonados16ququart_decisionNtB6_13DecisionArena9normalize5visit
84954	b2493	_RNvMs2_NtCskLLYNqycIrM_5alloc7raw_vecNtB5_11RawVecInner10deallocateCsk0jeUoGqz9c_5gimli
8499a	92754	_RNvMs_NtCsdpsOGJVkNCx_11g_momonados16ququart_decisionNtB4_13DecisionArena6intern
849d5	92578	_RNvMs_NtCsdpsOGJVkNCx_11g_momonados16ququart_decisionNtB4_13DecisionArena4fold
84a1d	b2493	_RNvMs2_NtCskLLYNqycIrM_5alloc7raw_vecNtB5_11RawVecInner10deallocateCsk0jeUoGqz9c_5gimli
84a50	b2493	_RNvMs2_NtCskLLYNqycIrM_5alloc7raw_vecNtB5_11RawVecInner10deallocateCsk0jeUoGqz9c_5gimli
84a75	fcc8e	_RNvMs1_NtCskLLYNqycIrM_5alloc3vecINtB5_3VechE6resizeCsg3cQm1fbFB4_3vox
84bde	b7095	_RNvNtNtCsj3tWkqr9aMa_10num_bigint7biguint7convert22from_bitwise_digits_le
84cd6	b2493	_RNvMs2_NtCskLLYNqycIrM_5alloc7raw_vecNtB5_11RawVecInner10deallocateCsk0jeUoGqz9c_5gimli
84d05	b3598	_RNvXs1_NtCskLLYNqycIrM_5alloc7raw_vecINtB5_6RawVecbENtNtNtCsnruyAgQs18_4core3ops4drop4Drop4dropCsfD1Gv4SB9fp_10imasm_core
84daa	9fffc	_RNvXs_NtNtCsj3tWkqr9aMa_10num_bigint7biguint8additionNtB6_7BigUintINtNtNtCsnruyAgQs18_4core3ops5arith9AddAssignRBP_E10add_assign
84ed6	b2493	_RNvMs2_NtCskLLYNqycIrM_5alloc7raw_vecNtB5_11RawVecInner10deallocateCsk0jeUoGqz9c_5gimli
84f37	b2493	_RNvMs2_NtCskLLYNqycIrM_5alloc7raw_vecNtB5_11RawVecInner10deallocateCsk0jeUoGqz9c_5gimli
84f73	b2493	_RNvMs2_NtCskLLYNqycIrM_5alloc7raw_vecNtB5_11RawVecInner10deallocateCsk0jeUoGqz9c_5gimli
84f9e	b2493	_RNvMs2_NtCskLLYNqycIrM_5alloc7raw_vecNtB5_11RawVecInner10deallocateCsk0jeUoGqz9c_5gimli
84fc4	b2493	_RNvMs2_NtCskLLYNqycIrM_5alloc7raw_vecNtB5_11RawVecInner10deallocateCsk0jeUoGqz9c_5gimli
84fe8	b2493	_RNvMs2_NtCskLLYNqycIrM_5alloc7raw_vecNtB5_11RawVecInner10deallocateCsk0jeUoGqz9c_5gimli
85007	b30e5	_RNvMs2_NtCskLLYNqycIrM_5alloc7raw_vecNtB5_11RawVecInner10deallocateCsfD1Gv4SB9fp_10imasm_core
85026	b30e5	_RNvMs2_NtCskLLYNqycIrM_5alloc7raw_vecNtB5_11RawVecInner10deallocateCsfD1Gv4SB9fp_10imasm_core
85069	b2493	_RNvMs2_NtCskLLYNqycIrM_5alloc7raw_vecNtB5_11RawVecInner10deallocateCsk0jeUoGqz9c_5gimli
85097	b2493	_RNvMs2_NtCskLLYNqycIrM_5alloc7raw_vecNtB5_11RawVecInner10deallocateCsk0jeUoGqz9c_5gimli
850b6	b30e5	_RNvMs2_NtCskLLYNqycIrM_5alloc7raw_vecNtB5_11RawVecInner10deallocateCsfD1Gv4SB9fp_10imasm_core
850d5	b30e5	_RNvMs2_NtCskLLYNqycIrM_5alloc7raw_vecNtB5_11RawVecInner10deallocateCsfD1Gv4SB9fp_10imasm_core
85118	b2493	_RNvMs2_NtCskLLYNqycIrM_5alloc7raw_vecNtB5_11RawVecInner10deallocateCsk0jeUoGqz9c_5gimli
8513c	b2493	_RNvMs2_NtCskLLYNqycIrM_5alloc7raw_vecNtB5_11RawVecInner10deallocateCsk0jeUoGqz9c_5gimli
8515b	b30e5	_RNvMs2_NtCskLLYNqycIrM_5alloc7raw_vecNtB5_11RawVecInner10deallocateCsfD1Gv4SB9fp_10imasm_core
8517a	b30e5	_RNvMs2_NtCskLLYNqycIrM_5alloc7raw_vecNtB5_11RawVecInner10deallocateCsfD1Gv4SB9fp_10imasm_core
851ad	b1d05	_RNvXs_NtCsdpsOGJVkNCx_11g_momonados19ququart_folded_workNtB4_23QuquartFoldedWorkDeviceNtNtB6_14ququart_factor18QuquartPhaseDevice5abort
8525a	b2493	_RNvMs2_NtCskLLYNqycIrM_5alloc7raw_vecNtB5_11RawVecInner10deallocateCsk0jeUoGqz9c_5gimli
85264	b1d05	_RNvXs_NtCsdpsOGJVkNCx_11g_momonados19ququart_folded_workNtB4_23QuquartFoldedWorkDeviceNtNtB6_14ququart_factor18QuquartPhaseDevice5abort
85297	88675	_RNvNtCskLLYNqycIrM_5alloc7raw_vec12handle_error
852af	89010	_RNvNtCsnruyAgQs18_4core9panicking9panic_fmt
852c1	88675	_RNvNtCskLLYNqycIrM_5alloc7raw_vec12handle_error
85300	88675	_RNvNtCskLLYNqycIrM_5alloc7raw_vec12handle_error
8536e	88675	_RNvNtCskLLYNqycIrM_5alloc7raw_vec12handle_error
85387	afbf6	_RNvMs_NtCsdpsOGJVkNCx_11g_momonados13anyon_ququartNtB4_19QuquartPhaseReadout11denominator
853fb	b2493	_RNvMs2_NtCskLLYNqycIrM_5alloc7raw_vecNtB5_11RawVecInner10deallocateCsk0jeUoGqz9c_5gimli
85424	a13f6	_RNvMs0_NtCskLLYNqycIrM_5alloc7raw_vecINtB5_6RawVecTNtNtCsj3tWkqr9aMa_10num_bigint7biguint7BigUintBN_EE8grow_oneCsdpsOGJVkNCx_11g_momonados
85688	8f680	_RNvCsk86JGSqdI7m_7___rustc12___rust_alloc
856df	88675	_RNvNtCskLLYNqycIrM_5alloc7raw_vec12handle_error
856fb	8f680	_RNvCsk86JGSqdI7m_7___rustc12___rust_alloc
8573e	8a4d0	_RNvNtCsnruyAgQs18_4core6option13unwrap_failed
8574e	afbf6	_RNvMs_NtCsdpsOGJVkNCx_11g_momonados13anyon_ququartNtB4_19QuquartPhaseReadout11denominator
85799	88675	_RNvNtCskLLYNqycIrM_5alloc7raw_vec12handle_error
857cd	88675	_RNvNtCskLLYNqycIrM_5alloc7raw_vec12handle_error
85817	ac549	_RNvMsb_NtCsdpsOGJVkNCx_11g_momonados13phase_unbraidNtB5_23PhaseReadoutAccumulator14close_fraction
85833	b2493	_RNvMs2_NtCskLLYNqycIrM_5alloc7raw_vecNtB5_11RawVecInner10deallocateCsk0jeUoGqz9c_5gimli
8590e	88675	_RNvNtCskLLYNqycIrM_5alloc7raw_vec12handle_error
859e3	88675	_RNvNtCskLLYNqycIrM_5alloc7raw_vec12handle_error
85a40	b0acf	_RNvNtCsdpsOGJVkNCx_11g_momonados14ququart_factor25extract_certified_winding
85aa8	88675	_RNvNtCskLLYNqycIrM_5alloc7raw_vec12handle_error
85aba	88675	_RNvNtCskLLYNqycIrM_5alloc7raw_vec12handle_error
85acd	88675	_RNvNtCskLLYNqycIrM_5alloc7raw_vec12handle_error
85ae0	88675	_RNvNtCskLLYNqycIrM_5alloc7raw_vec12handle_error
85b34	879c5	_RNvXs7_NtNtCsnruyAgQs18_4core3cmp5implsRNtNtCsj3tWkqr9aMa_10num_bigint7biguint7BigUintNtB7_9PartialEq2eqCsdJEnVQ2ios3_20ququart_factor_baked
85b4d	879c5	_RNvXs7_NtNtCsnruyAgQs18_4core3cmp5implsRNtNtCsj3tWkqr9aMa_10num_bigint7biguint7BigUintNtB7_9PartialEq2eqCsdJEnVQ2ios3_20ququart_factor_baked
85b61	879c5	_RNvXs7_NtNtCsnruyAgQs18_4core3cmp5implsRNtNtCsj3tWkqr9aMa_10num_bigint7biguint7BigUintNtB7_9PartialEq2eqCsdJEnVQ2ios3_20ququart_factor_baked
85b7e	879c5	_RNvXs7_NtNtCsnruyAgQs18_4core3cmp5implsRNtNtCsj3tWkqr9aMa_10num_bigint7biguint7BigUintNtB7_9PartialEq2eqCsdJEnVQ2ios3_20ququart_factor_baked
85bbd	b2493	_RNvMs2_NtCskLLYNqycIrM_5alloc7raw_vecNtB5_11RawVecInner10deallocateCsk0jeUoGqz9c_5gimli
85bd8	b2493	_RNvMs2_NtCskLLYNqycIrM_5alloc7raw_vecNtB5_11RawVecInner10deallocateCsk0jeUoGqz9c_5gimli
85bf8	b2493	_RNvMs2_NtCskLLYNqycIrM_5alloc7raw_vecNtB5_11RawVecInner10deallocateCsk0jeUoGqz9c_5gimli
85c0c	8877e	_RNvNtCskLLYNqycIrM_5alloc5alloc18handle_alloc_error
85c28	877e4	_RNvXs1_NtCsnruyAgQs18_4core7convertReINtB5_4IntoNtNtCskLLYNqycIrM_5alloc6string6StringE4intoCsdJEnVQ2ios3_20ququart_factor_baked
85c3e	7a948	_RINvNtCsnruyAgQs18_4core3ptr13drop_in_placeNtNtCsdpsOGJVkNCx_11g_momonados14ququart_factor20QuquartFactorClosureECsdJEnVQ2ios3_20ququart_factor_baked
85c5a	b2493	_RNvMs2_NtCskLLYNqycIrM_5alloc7raw_vecNtB5_11RawVecInner10deallocateCsk0jeUoGqz9c_5gimli
85c75	b2493	_RNvMs2_NtCskLLYNqycIrM_5alloc7raw_vecNtB5_11RawVecInner10deallocateCsk0jeUoGqz9c_5gimli
85c95	b2493	_RNvMs2_NtCskLLYNqycIrM_5alloc7raw_vecNtB5_11RawVecInner10deallocateCsk0jeUoGqz9c_5gimli
85cac	88675	_RNvNtCskLLYNqycIrM_5alloc7raw_vec12handle_error
85cbe	88675	_RNvNtCskLLYNqycIrM_5alloc7raw_vec12handle_error
85ccd	88675	_RNvNtCskLLYNqycIrM_5alloc7raw_vec12handle_error
85cdc	8877e	_RNvNtCskLLYNqycIrM_5alloc5alloc18handle_alloc_error
85cf8	88675	_RNvNtCskLLYNqycIrM_5alloc7raw_vec12handle_error
85d09	89bfd	_RNvNtCsnruyAgQs18_4core9panicking18panic_bounds_check
85d18	89bfd	_RNvNtCsnruyAgQs18_4core9panicking18panic_bounds_check
85d27	89bfd	_RNvNtCsnruyAgQs18_4core9panicking18panic_bounds_check
85d3b	89bfd	_RNvNtCsnruyAgQs18_4core9panicking18panic_bounds_check
85d4a	88675	_RNvNtCskLLYNqycIrM_5alloc7raw_vec12handle_error
85d59	88675	_RNvNtCskLLYNqycIrM_5alloc7raw_vec12handle_error
85d68	88675	_RNvNtCskLLYNqycIrM_5alloc7raw_vec12handle_error
85d8d	88675	_RNvNtCskLLYNqycIrM_5alloc7raw_vec12handle_error
85dca	88675	_RNvNtCskLLYNqycIrM_5alloc7raw_vec12handle_error
85dd9	88675	_RNvNtCskLLYNqycIrM_5alloc7raw_vec12handle_error
85de8	88675	_RNvNtCskLLYNqycIrM_5alloc7raw_vec12handle_error
85dfc	89bfd	_RNvNtCsnruyAgQs18_4core9panicking18panic_bounds_check
85e10	89bfd	_RNvNtCsnruyAgQs18_4core9panicking18panic_bounds_check
85e1f	88675	_RNvNtCskLLYNqycIrM_5alloc7raw_vec12handle_error
85e2e	88675	_RNvNtCskLLYNqycIrM_5alloc7raw_vec12handle_error
85e57	88675	_RNvNtCskLLYNqycIrM_5alloc7raw_vec12handle_error
85e66	88675	_RNvNtCskLLYNqycIrM_5alloc7raw_vec12handle_error
