b5e264a	b600c85	_RNvMNtCsdpsOGJVkNCx_11g_momonados18reversible_modularNtB2_15ModularMultiply3new
b5e276b	b61732d	_RNvMs2_NtCskLLYNqycIrM_5alloc7raw_vecNtB5_11RawVecInner10deallocateCsk0jeUoGqz9c_5gimli
b5e278a	b61732d	_RNvMs2_NtCskLLYNqycIrM_5alloc7raw_vecNtB5_11RawVecInner10deallocateCsk0jeUoGqz9c_5gimli
b5e27b3	b5ed3c5	_RNvNtCskLLYNqycIrM_5alloc7raw_vec12handle_error
b5e27cb	b5f43d0	_RNvCsk86JGSqdI7m_7___rustc12___rust_alloc
b5e28e8	b6214b7	_RNvNtNtCsj3tWkqr9aMa_10num_bigint7biguint8division11div_rem_cow
b5e291b	b61732d	_RNvMs2_NtCskLLYNqycIrM_5alloc7raw_vecNtB5_11RawVecInner10deallocateCsk0jeUoGqz9c_5gimli
b5e29fd	b61bd74	_RNvMs0_NtCskLLYNqycIrM_5alloc7raw_vecINtB5_6RawVecNtNtCsj3tWkqr9aMa_10num_bigint7biguint7BigUintE8grow_oneBQ_
b5e2a45	b600009	_RNvXs8_NtNtCsj3tWkqr9aMa_10num_bigint7biguint14multiplicationRNtB7_7BigUintNtNtNtCsnruyAgQs18_4core3ops5arith3Mul3mul
b5e2b10	b6214b7	_RNvNtNtCsj3tWkqr9aMa_10num_bigint7biguint8division11div_rem_cow
b5e2b55	b61732d	_RNvMs2_NtCskLLYNqycIrM_5alloc7raw_vecNtB5_11RawVecInner10deallocateCsk0jeUoGqz9c_5gimli
b5e2bbc	b61732d	_RNvMs2_NtCskLLYNqycIrM_5alloc7raw_vecNtB5_11RawVecInner10deallocateCsk0jeUoGqz9c_5gimli
b5e2bcf	b600009	_RNvXs8_NtNtCsj3tWkqr9aMa_10num_bigint7biguint14multiplicationRNtB7_7BigUintNtNtNtCsnruyAgQs18_4core3ops5arith3Mul3mul
b5e2c8a	b6214b7	_RNvNtNtCsj3tWkqr9aMa_10num_bigint7biguint8division11div_rem_cow
b5e2cc9	b61732d	_RNvMs2_NtCskLLYNqycIrM_5alloc7raw_vecNtB5_11RawVecInner10deallocateCsk0jeUoGqz9c_5gimli
b5e2d39	b61732d	_RNvMs2_NtCskLLYNqycIrM_5alloc7raw_vecNtB5_11RawVecInner10deallocateCsk0jeUoGqz9c_5gimli
b5e2d61	b61732d	_RNvMs2_NtCskLLYNqycIrM_5alloc7raw_vecNtB5_11RawVecInner10deallocateCsk0jeUoGqz9c_5gimli
b5e2d9e	b61732d	_RNvMs2_NtCskLLYNqycIrM_5alloc7raw_vecNtB5_11RawVecInner10deallocateCsk0jeUoGqz9c_5gimli
b5e2e08	b5f43d0	_RNvCsk86JGSqdI7m_7___rustc12___rust_alloc
b5e2e64	b5ed3c5	_RNvNtCskLLYNqycIrM_5alloc7raw_vec12handle_error
b5e2e81	b614a96	_RNvMs_NtCsdpsOGJVkNCx_11g_momonados14ququart_factorNtB4_20QuquartPowerSchedule13from_prepared
b5e2e9f	b61732d	_RNvMs2_NtCskLLYNqycIrM_5alloc7raw_vecNtB5_11RawVecInner10deallocateCsk0jeUoGqz9c_5gimli
b5e2f17	b5dd3f3	_RINvNtCsnruyAgQs18_4core3ptr13drop_in_placeINtNtB4_6option6OptionNtNtCsdpsOGJVkNCx_11g_momonados14ququart_factor20QuquartPowerScheduleEECsdJEnVQ2ios3_20ququart_factor_baked
b5e2f7d	b5dd58a	_RINvNtCsnruyAgQs18_4core3ptr13drop_in_placeNtNtCsdpsOGJVkNCx_11g_momonados13phase_unbraid23PhaseReadoutAccumulatorECsdJEnVQ2ios3_20ququart_factor_baked
b5e2fe2	b61732d	_RNvMs2_NtCskLLYNqycIrM_5alloc7raw_vecNtB5_11RawVecInner10deallocateCsk0jeUoGqz9c_5gimli
b5e2ffd	b61732d	_RNvMs2_NtCskLLYNqycIrM_5alloc7raw_vecNtB5_11RawVecInner10deallocateCsk0jeUoGqz9c_5gimli
b5e3041	b617f7f	_RNvMs2_NtCskLLYNqycIrM_5alloc7raw_vecNtB5_11RawVecInner10deallocateCsfD1Gv4SB9fp_10imasm_core
b5e3112	b600c85	_RNvMNtCsdpsOGJVkNCx_11g_momonados18reversible_modularNtB2_15ModularMultiply3new
b5e31a8	b616b9f	_RNvXs_NtCsdpsOGJVkNCx_11g_momonados19ququart_folded_workNtB4_23QuquartFoldedWorkDeviceNtNtB6_14ququart_factor18QuquartPhaseDevice5abort
b5e32f4	b5f4364	_RNvMs2_NtCskLLYNqycIrM_5alloc7raw_vecNtB5_11RawVecInner17try_reserve_exactCs22DQ8UGc6mr_6cudarc
b5e333e	b618432	_RNvXs1_NtCskLLYNqycIrM_5alloc7raw_vecINtB5_6RawVecbENtNtNtCsnruyAgQs18_4core3ops4drop4Drop4dropCsfD1Gv4SB9fp_10imasm_core
b5e3372	b661b1e	_RNvMs1_NtCskLLYNqycIrM_5alloc3vecINtB5_3VechE6resizeCsg3cQm1fbFB4_3vox
b5e34c1	b61bf25	_RNvNtNtCsj3tWkqr9aMa_10num_bigint7biguint7convert22from_bitwise_digits_le
b5e35ab	b61732d	_RNvMs2_NtCskLLYNqycIrM_5alloc7raw_vecNtB5_11RawVecInner10deallocateCsk0jeUoGqz9c_5gimli
b5e35e7	b618432	_RNvXs1_NtCskLLYNqycIrM_5alloc7raw_vecINtB5_6RawVecbENtNtNtCsnruyAgQs18_4core3ops4drop4Drop4dropCsfD1Gv4SB9fp_10imasm_core
b5e368c	b61821c	_RINvNtCskLLYNqycIrM_5alloc3vec9from_elembECsfD1Gv4SB9fp_10imasm_core
b5e3799	b61732d	_RNvMs2_NtCskLLYNqycIrM_5alloc7raw_vecNtB5_11RawVecInner10deallocateCsk0jeUoGqz9c_5gimli
b5e3807	b5f7f08	_RINvMs2_NtNtCsHhKrCRAwTZ_3std6thread5localINtB6_8LocalKeyINtNtCsnruyAgQs18_4core4cell4CellTyyEEE4withNCNvMNtNtBa_4hash6randomNtB1G_11RandomState3new0B1Z_ECsdpsOGJVkNCx_11g_momonados
b5e3817	b616c83	_RINvNtCsnruyAgQs18_4core3ptr13drop_in_placeNtNtCsdpsOGJVkNCx_11g_momonados16ququart_decision13DecisionArenaEBJ_
b5e391c	b5f7473	_RNvMs_NtCsdpsOGJVkNCx_11g_momonados16ququart_decisionNtB4_13DecisionArena6intern
b5e3a7e	b6273ae	_RNvMsj_NtCsj3tWkqr9aMa_10num_bigint7biguintNtB5_7BigUint7set_bit
b5e3b1c	b607609	_RNvMs2_NtCsdpsOGJVkNCx_11g_momonados13phase_unbraidNtB5_16FixedPointFormat5scale
b5e3b49	b5f7473	_RNvMs_NtCsdpsOGJVkNCx_11g_momonados16ququart_decisionNtB4_13DecisionArena6intern
b5e3b76	b5f7473	_RNvMs_NtCsdpsOGJVkNCx_11g_momonados16ququart_decisionNtB4_13DecisionArena6intern
b5e3c98	b5f7473	_RNvMs_NtCsdpsOGJVkNCx_11g_momonados16ququart_decisionNtB4_13DecisionArena6intern
b5e3d2e	b5f7199	_RNvMs_NtCsdpsOGJVkNCx_11g_momonados16ququart_decisionNtB4_13DecisionArena4fold
b5e3d80	b61732d	_RNvMs2_NtCskLLYNqycIrM_5alloc7raw_vecNtB5_11RawVecInner10deallocateCsk0jeUoGqz9c_5gimli
b5e3da8	b61732d	_RNvMs2_NtCskLLYNqycIrM_5alloc7raw_vecNtB5_11RawVecInner10deallocateCsk0jeUoGqz9c_5gimli
b5e3db3	b618432	_RNvXs1_NtCskLLYNqycIrM_5alloc7raw_vecINtB5_6RawVecbENtNtNtCsnruyAgQs18_4core3ops4drop4Drop4dropCsfD1Gv4SB9fp_10imasm_core
b5e3e6a	b616dc5	_RNvXs_NtCsdpsOGJVkNCx_11g_momonados19ququart_folded_workNtB4_23QuquartFoldedWorkDeviceNtNtB6_14ququart_factor18QuquartPhaseDevice7fourier
b5e3e99	b60c1a3	_RNvMNtCsdpsOGJVkNCx_11g_momonados19ququart_folded_workNtB2_23QuquartFoldedWorkDevice14require_active
b5e3ef0	b600c85	_RNvMNtCsdpsOGJVkNCx_11g_momonados18reversible_modularNtB2_15ModularMultiply3new
b5e40e8	b60c0c9	_RINvNtCsnruyAgQs18_4core3ptr13drop_in_placeINtNtB4_6option6OptionINtNtCskLLYNqycIrM_5alloc3vec3VecTNtNtCsj3tWkqr9aMa_10num_bigint7biguint7BigUintIB12_NtNtCsdpsOGJVkNCx_11g_momonados18reversible_modular15NestedOperationEEEEEB2s_
b5e4132	b5f7199	_RNvMs_NtCsdpsOGJVkNCx_11g_momonados16ququart_decisionNtB4_13DecisionArena4fold
b5e41bf	b616b0d	_RNvXsa_NtCskLLYNqycIrM_5alloc3vecINtB5_3VecTjbEENtNtCsnruyAgQs18_4core5clone5Clone5cloneCsdpsOGJVkNCx_11g_momonados
b5e4215	b618154	_RNvXsa_NtCskLLYNqycIrM_5alloc3vecINtB5_3VecjENtNtCsnruyAgQs18_4core5clone5Clone5cloneCsfD1Gv4SB9fp_10imasm_core
b5e4242	b618154	_RNvXsa_NtCskLLYNqycIrM_5alloc3vecINtB5_3VecjENtNtCsnruyAgQs18_4core5clone5Clone5cloneCsfD1Gv4SB9fp_10imasm_core
b5e4277	b618154	_RNvXsa_NtCskLLYNqycIrM_5alloc3vecINtB5_3VecjENtNtCsnruyAgQs18_4core5clone5Clone5cloneCsfD1Gv4SB9fp_10imasm_core
b5e4289	b618154	_RNvXsa_NtCskLLYNqycIrM_5alloc3vecINtB5_3VecjENtNtCsnruyAgQs18_4core5clone5Clone5cloneCsfD1Gv4SB9fp_10imasm_core
b5e438f	b616b0d	_RNvXsa_NtCskLLYNqycIrM_5alloc3vecINtB5_3VecTjbEENtNtCsnruyAgQs18_4core5clone5Clone5cloneCsdpsOGJVkNCx_11g_momonados
b5e440b	b616b0d	_RNvXsa_NtCskLLYNqycIrM_5alloc3vecINtB5_3VecTjbEENtNtCsnruyAgQs18_4core5clone5Clone5cloneCsdpsOGJVkNCx_11g_momonados
b5e44c5	b5f43d0	_RNvCsk86JGSqdI7m_7___rustc12___rust_alloc
b5e4535	b5f43d0	_RNvCsk86JGSqdI7m_7___rustc12___rust_alloc
b5e4599	b5f43d0	_RNvCsk86JGSqdI7m_7___rustc12___rust_alloc
b5e45d8	b616b0d	_RNvXsa_NtCskLLYNqycIrM_5alloc3vecINtB5_3VecTjbEENtNtCsnruyAgQs18_4core5clone5Clone5cloneCsdpsOGJVkNCx_11g_momonados
b5e4677	b5f57ce	_RNvMNtCsdpsOGJVkNCx_11g_momonados19ququart_folded_workNtB2_23QuquartFoldedWorkDevice12apply_nested
b5e46fb	b5f43d0	_RNvCsk86JGSqdI7m_7___rustc12___rust_alloc
b5e490d	b6214b7	_RNvNtNtCsj3tWkqr9aMa_10num_bigint7biguint8division11div_rem_cow
b5e495c	b61732d	_RNvMs2_NtCskLLYNqycIrM_5alloc7raw_vecNtB5_11RawVecInner10deallocateCsk0jeUoGqz9c_5gimli
b5e4a53	b5f47d3	_RNvNtCsdpsOGJVkNCx_11g_momonados18reversible_modular7inverse
b5e4aa3	b61732d	_RNvMs2_NtCskLLYNqycIrM_5alloc7raw_vecNtB5_11RawVecInner10deallocateCsk0jeUoGqz9c_5gimli
b5e4ac6	b600009	_RNvXs8_NtNtCsj3tWkqr9aMa_10num_bigint7biguint14multiplicationRNtB7_7BigUintNtNtNtCsnruyAgQs18_4core3ops5arith3Mul3mul
b5e4b4f	b5f5122	_RNvXs_NtNtCskLLYNqycIrM_5alloc3vec21spec_from_iter_nestedINtB6_3VecjEINtB4_18SpecFromIterNestedjINtNtNtCsnruyAgQs18_4core3ops5range14RangeInclusivejEE9from_iterCsdpsOGJVkNCx_11g_momonados
b5e4b82	b5f5122	_RNvXs_NtNtCskLLYNqycIrM_5alloc3vec21spec_from_iter_nestedINtB6_3VecjEINtB4_18SpecFromIterNestedjINtNtNtCsnruyAgQs18_4core3ops5range14RangeInclusivejEE9from_iterCsdpsOGJVkNCx_11g_momonados
b5e4c60	b618154	_RNvXsa_NtCskLLYNqycIrM_5alloc3vecINtB5_3VecjENtNtCsnruyAgQs18_4core5clone5Clone5cloneCsfD1Gv4SB9fp_10imasm_core
b5e4c9d	b5f43d0	_RNvCsk86JGSqdI7m_7___rustc12___rust_alloc
b5e4de6	b5f43d0	_RNvCsk86JGSqdI7m_7___rustc12___rust_alloc
b5e4f06	b5f5272	_RNCINvMNtCsdpsOGJVkNCx_11g_momonados18reversible_modularNtB5_15ModularMultiply25emit_ququart_nested_radixNCNvXs_NtB7_19ququart_folded_workNtB1M_23QuquartFoldedWorkDeviceNtNtB7_14ququart_factor18QuquartPhaseDevice19controlled_multiplys0_0Es_0B7_
b5e4f44	b61bdde	_RNvXs_NtCskLLYNqycIrM_5alloc6borrowNtNtCsj3tWkqr9aMa_10num_bigint7biguint7BigUintNtB4_7ToOwned8to_ownedBB_
b5e4f8f	b620269	_RNvNtNtCsj3tWkqr9aMa_10num_bigint7biguint5shift12biguint_shl2
b5e5067	b6214b7	_RNvNtNtCsj3tWkqr9aMa_10num_bigint7biguint8division11div_rem_cow
b5e50ad	b61732d	_RNvMs2_NtCskLLYNqycIrM_5alloc7raw_vecNtB5_11RawVecInner10deallocateCsk0jeUoGqz9c_5gimli
b5e5118	b61732d	_RNvMs2_NtCskLLYNqycIrM_5alloc7raw_vecNtB5_11RawVecInner10deallocateCsk0jeUoGqz9c_5gimli
b5e5146	b61732d	_RNvMs2_NtCskLLYNqycIrM_5alloc7raw_vecNtB5_11RawVecInner10deallocateCsk0jeUoGqz9c_5gimli
b5e51b0	b5f43d0	_RNvCsk86JGSqdI7m_7___rustc12___rust_alloc
b5e5399	b5f5272	_RNCINvMNtCsdpsOGJVkNCx_11g_momonados18reversible_modularNtB5_15ModularMultiply25emit_ququart_nested_radixNCNvXs_NtB7_19ququart_folded_workNtB1M_23QuquartFoldedWorkDeviceNtNtB7_14ququart_factor18QuquartPhaseDevice19controlled_multiplys0_0Es_0B7_
b5e551a	b621059	_RNvXs_NtNtCsj3tWkqr9aMa_10num_bigint7biguint11subtractionNtB6_7BigUintINtNtNtCsnruyAgQs18_4core3ops5arith9SubAssignRBT_E10sub_assign
b5e5553	b618154	_RNvXsa_NtCskLLYNqycIrM_5alloc3vecINtB5_3VecjENtNtCsnruyAgQs18_4core5clone5Clone5cloneCsfD1Gv4SB9fp_10imasm_core
b5e5591	b5f43d0	_RNvCsk86JGSqdI7m_7___rustc12___rust_alloc
b5e5624	b5f43d0	_RNvCsk86JGSqdI7m_7___rustc12___rust_alloc
b5e5722	b5f5272	_RNCINvMNtCsdpsOGJVkNCx_11g_momonados18reversible_modularNtB5_15ModularMultiply25emit_ququart_nested_radixNCNvXs_NtB7_19ququart_folded_workNtB1M_23QuquartFoldedWorkDeviceNtNtB7_14ququart_factor18QuquartPhaseDevice19controlled_multiplys0_0Es_0B7_
b5e5760	b61bdde	_RNvXs_NtCskLLYNqycIrM_5alloc6borrowNtNtCsj3tWkqr9aMa_10num_bigint7biguint7BigUintNtB4_7ToOwned8to_ownedBB_
b5e57aa	b620269	_RNvNtNtCsj3tWkqr9aMa_10num_bigint7biguint5shift12biguint_shl2
b5e587c	b6214b7	_RNvNtNtCsj3tWkqr9aMa_10num_bigint7biguint8division11div_rem_cow
b5e58d7	b61732d	_RNvMs2_NtCskLLYNqycIrM_5alloc7raw_vecNtB5_11RawVecInner10deallocateCsk0jeUoGqz9c_5gimli
b5e594f	b61732d	_RNvMs2_NtCskLLYNqycIrM_5alloc7raw_vecNtB5_11RawVecInner10deallocateCsk0jeUoGqz9c_5gimli
b5e597d	b61732d	_RNvMs2_NtCskLLYNqycIrM_5alloc7raw_vecNtB5_11RawVecInner10deallocateCsk0jeUoGqz9c_5gimli
b5e5a02	b5f43d0	_RNvCsk86JGSqdI7m_7___rustc12___rust_alloc
b5e5b12	b6214b7	_RNvNtNtCsj3tWkqr9aMa_10num_bigint7biguint8division11div_rem_cow
b5e5b61	b61732d	_RNvMs2_NtCskLLYNqycIrM_5alloc7raw_vecNtB5_11RawVecInner10deallocateCsk0jeUoGqz9c_5gimli
b5e5bba	b61732d	_RNvMs2_NtCskLLYNqycIrM_5alloc7raw_vecNtB5_11RawVecInner10deallocateCsk0jeUoGqz9c_5gimli
b5e5bd6	b617f7f	_RNvMs2_NtCskLLYNqycIrM_5alloc7raw_vecNtB5_11RawVecInner10deallocateCsfD1Gv4SB9fp_10imasm_core
b5e5bf5	b617f7f	_RNvMs2_NtCskLLYNqycIrM_5alloc7raw_vecNtB5_11RawVecInner10deallocateCsfD1Gv4SB9fp_10imasm_core
b5e5c22	b61732d	_RNvMs2_NtCskLLYNqycIrM_5alloc7raw_vecNtB5_11RawVecInner10deallocateCsk0jeUoGqz9c_5gimli
b5e5cc0	b61732d	_RNvMs2_NtCskLLYNqycIrM_5alloc7raw_vecNtB5_11RawVecInner10deallocateCsk0jeUoGqz9c_5gimli
b5e5e5d	b6214b7	_RNvNtNtCsj3tWkqr9aMa_10num_bigint7biguint8division11div_rem_cow
b5e5eac	b61732d	_RNvMs2_NtCskLLYNqycIrM_5alloc7raw_vecNtB5_11RawVecInner10deallocateCsk0jeUoGqz9c_5gimli
b5e5fb9	b5f47d3	_RNvNtCsdpsOGJVkNCx_11g_momonados18reversible_modular7inverse
b5e6032	b61732d	_RNvMs2_NtCskLLYNqycIrM_5alloc7raw_vecNtB5_11RawVecInner10deallocateCsk0jeUoGqz9c_5gimli
b5e605c	b5f7199	_RNvMs_NtCsdpsOGJVkNCx_11g_momonados16ququart_decisionNtB4_13DecisionArena4fold
b5e60aa	b61732d	_RNvMs2_NtCskLLYNqycIrM_5alloc7raw_vecNtB5_11RawVecInner10deallocateCsk0jeUoGqz9c_5gimli
b5e6110	b5f5122	_RNvXs_NtNtCskLLYNqycIrM_5alloc3vec21spec_from_iter_nestedINtB6_3VecjEINtB4_18SpecFromIterNestedjINtNtNtCsnruyAgQs18_4core3ops5range14RangeInclusivejEE9from_iterCsdpsOGJVkNCx_11g_momonados
b5e6143	b5f5122	_RNvXs_NtNtCskLLYNqycIrM_5alloc3vec21spec_from_iter_nestedINtB6_3VecjEINtB4_18SpecFromIterNestedjINtNtNtCsnruyAgQs18_4core3ops5range14RangeInclusivejEE9from_iterCsdpsOGJVkNCx_11g_momonados
b5e6247	b618154	_RNvXsa_NtCskLLYNqycIrM_5alloc3vecINtB5_3VecjENtNtCsnruyAgQs18_4core5clone5Clone5cloneCsfD1Gv4SB9fp_10imasm_core
b5e6284	b5f43d0	_RNvCsk86JGSqdI7m_7___rustc12___rust_alloc
b5e63b6	b5f43d0	_RNvCsk86JGSqdI7m_7___rustc12___rust_alloc
b5e64c6	b5f5272	_RNCINvMNtCsdpsOGJVkNCx_11g_momonados18reversible_modularNtB5_15ModularMultiply25emit_ququart_nested_radixNCNvXs_NtB7_19ququart_folded_workNtB1M_23QuquartFoldedWorkDeviceNtNtB7_14ququart_factor18QuquartPhaseDevice19controlled_multiplys0_0Es_0B7_
b5e6504	b61bdde	_RNvXs_NtCskLLYNqycIrM_5alloc6borrowNtNtCsj3tWkqr9aMa_10num_bigint7biguint7BigUintNtB4_7ToOwned8to_ownedBB_
b5e654f	b620269	_RNvNtNtCsj3tWkqr9aMa_10num_bigint7biguint5shift12biguint_shl2
b5e662d	b6214b7	_RNvNtNtCsj3tWkqr9aMa_10num_bigint7biguint8division11div_rem_cow
b5e6673	b61732d	_RNvMs2_NtCskLLYNqycIrM_5alloc7raw_vecNtB5_11RawVecInner10deallocateCsk0jeUoGqz9c_5gimli
b5e66de	b61732d	_RNvMs2_NtCskLLYNqycIrM_5alloc7raw_vecNtB5_11RawVecInner10deallocateCsk0jeUoGqz9c_5gimli
b5e670c	b61732d	_RNvMs2_NtCskLLYNqycIrM_5alloc7raw_vecNtB5_11RawVecInner10deallocateCsk0jeUoGqz9c_5gimli
b5e6776	b5f43d0	_RNvCsk86JGSqdI7m_7___rustc12___rust_alloc
b5e6940	b5f5272	_RNCINvMNtCsdpsOGJVkNCx_11g_momonados18reversible_modularNtB5_15ModularMultiply25emit_ququart_nested_radixNCNvXs_NtB7_19ququart_folded_workNtB1M_23QuquartFoldedWorkDeviceNtNtB7_14ququart_factor18QuquartPhaseDevice19controlled_multiplys0_0Es_0B7_
b5e6abb	b621059	_RNvXs_NtNtCsj3tWkqr9aMa_10num_bigint7biguint11subtractionNtB6_7BigUintINtNtNtCsnruyAgQs18_4core3ops5arith9SubAssignRBT_E10sub_assign
b5e6afa	b618154	_RNvXsa_NtCskLLYNqycIrM_5alloc3vecINtB5_3VecjENtNtCsnruyAgQs18_4core5clone5Clone5cloneCsfD1Gv4SB9fp_10imasm_core
b5e6b38	b5f43d0	_RNvCsk86JGSqdI7m_7___rustc12___rust_alloc
b5e6bce	b5f43d0	_RNvCsk86JGSqdI7m_7___rustc12___rust_alloc
b5e6ccc	b5f5272	_RNCINvMNtCsdpsOGJVkNCx_11g_momonados18reversible_modularNtB5_15ModularMultiply25emit_ququart_nested_radixNCNvXs_NtB7_19ququart_folded_workNtB1M_23QuquartFoldedWorkDeviceNtNtB7_14ququart_factor18QuquartPhaseDevice19controlled_multiplys0_0Es_0B7_
b5e6d0a	b61bdde	_RNvXs_NtCskLLYNqycIrM_5alloc6borrowNtNtCsj3tWkqr9aMa_10num_bigint7biguint7BigUintNtB4_7ToOwned8to_ownedBB_
b5e6d55	b620269	_RNvNtNtCsj3tWkqr9aMa_10num_bigint7biguint5shift12biguint_shl2
b5e6e2d	b6214b7	_RNvNtNtCsj3tWkqr9aMa_10num_bigint7biguint8division11div_rem_cow
b5e6e85	b61732d	_RNvMs2_NtCskLLYNqycIrM_5alloc7raw_vecNtB5_11RawVecInner10deallocateCsk0jeUoGqz9c_5gimli
b5e6f10	b61732d	_RNvMs2_NtCskLLYNqycIrM_5alloc7raw_vecNtB5_11RawVecInner10deallocateCsk0jeUoGqz9c_5gimli
b5e6f3e	b61732d	_RNvMs2_NtCskLLYNqycIrM_5alloc7raw_vecNtB5_11RawVecInner10deallocateCsk0jeUoGqz9c_5gimli
b5e6faf	b5f43d0	_RNvCsk86JGSqdI7m_7___rustc12___rust_alloc
b5e705f	b61732d	_RNvMs2_NtCskLLYNqycIrM_5alloc7raw_vecNtB5_11RawVecInner10deallocateCsk0jeUoGqz9c_5gimli
b5e708d	b61732d	_RNvMs2_NtCskLLYNqycIrM_5alloc7raw_vecNtB5_11RawVecInner10deallocateCsk0jeUoGqz9c_5gimli
b5e70a9	b617f7f	_RNvMs2_NtCskLLYNqycIrM_5alloc7raw_vecNtB5_11RawVecInner10deallocateCsfD1Gv4SB9fp_10imasm_core
b5e70c8	b617f7f	_RNvMs2_NtCskLLYNqycIrM_5alloc7raw_vecNtB5_11RawVecInner10deallocateCsfD1Gv4SB9fp_10imasm_core
b5e711f	b61732d	_RNvMs2_NtCskLLYNqycIrM_5alloc7raw_vecNtB5_11RawVecInner10deallocateCsk0jeUoGqz9c_5gimli
b5e713e	b617f7f	_RNvMs2_NtCskLLYNqycIrM_5alloc7raw_vecNtB5_11RawVecInner10deallocateCsfD1Gv4SB9fp_10imasm_core
b5e715d	b617f7f	_RNvMs2_NtCskLLYNqycIrM_5alloc7raw_vecNtB5_11RawVecInner10deallocateCsfD1Gv4SB9fp_10imasm_core
b5e718a	b61732d	_RNvMs2_NtCskLLYNqycIrM_5alloc7raw_vecNtB5_11RawVecInner10deallocateCsk0jeUoGqz9c_5gimli
b5e71bd	b61732d	_RNvMs2_NtCskLLYNqycIrM_5alloc7raw_vecNtB5_11RawVecInner10deallocateCsk0jeUoGqz9c_5gimli
b5e7229	b61732d	_RNvMs2_NtCskLLYNqycIrM_5alloc7raw_vecNtB5_11RawVecInner10deallocateCsk0jeUoGqz9c_5gimli
b5e72ac	b60c1a3	_RNvMNtCsdpsOGJVkNCx_11g_momonados19ququart_folded_workNtB2_23QuquartFoldedWorkDevice14require_active
b5e72f9	b620269	_RNvNtNtCsj3tWkqr9aMa_10num_bigint7biguint5shift12biguint_shl2
b5e73b7	b61c193	_RNvNtNtCsj3tWkqr9aMa_10num_bigint7biguint14multiplication10scalar_mul
b5e7403	b61732d	_RNvMs2_NtCskLLYNqycIrM_5alloc7raw_vecNtB5_11RawVecInner10deallocateCsk0jeUoGqz9c_5gimli
b5e7463	b6025d5	_RNvMs3_NtCsdpsOGJVkNCx_11g_momonados13phase_unbraidNtB5_12FixedComplex15winding_twiddle
b5e74f8	b61732d	_RNvMs2_NtCskLLYNqycIrM_5alloc7raw_vecNtB5_11RawVecInner10deallocateCsk0jeUoGqz9c_5gimli
b5e752c	b60c21c	_RNvMs_NtCsdpsOGJVkNCx_11g_momonados16ququart_decisionNtB4_13DecisionArena5scale
b5e7567	b61732d	_RNvMs2_NtCskLLYNqycIrM_5alloc7raw_vecNtB5_11RawVecInner10deallocateCsk0jeUoGqz9c_5gimli
b5e758b	b61732d	_RNvMs2_NtCskLLYNqycIrM_5alloc7raw_vecNtB5_11RawVecInner10deallocateCsk0jeUoGqz9c_5gimli
b5e75cb	b5f43d0	_RNvCsk86JGSqdI7m_7___rustc12___rust_alloc
b5e764a	b61732d	_RNvMs2_NtCskLLYNqycIrM_5alloc7raw_vecNtB5_11RawVecInner10deallocateCsk0jeUoGqz9c_5gimli
b5e7678	b5f7199	_RNvMs_NtCsdpsOGJVkNCx_11g_momonados16ququart_decisionNtB4_13DecisionArena4fold
b5e76c5	b61732d	_RNvMs2_NtCskLLYNqycIrM_5alloc7raw_vecNtB5_11RawVecInner10deallocateCsk0jeUoGqz9c_5gimli
b5e76e8	b616dc5	_RNvXs_NtCsdpsOGJVkNCx_11g_momonados19ququart_folded_workNtB4_23QuquartFoldedWorkDeviceNtNtB6_14ququart_factor18QuquartPhaseDevice7fourier
b5e7712	b60c1a3	_RNvMNtCsdpsOGJVkNCx_11g_momonados19ququart_folded_workNtB2_23QuquartFoldedWorkDevice14require_active
b5e776a	b5f7f08	_RINvMs2_NtNtCsHhKrCRAwTZ_3std6thread5localINtB6_8LocalKeyINtNtCsnruyAgQs18_4core4cell4CellTyyEEE4withNCNvMNtNtBa_4hash6randomNtB1G_11RandomState3new0B1Z_ECsdpsOGJVkNCx_11g_momonados
b5e77b4	b60cae4	_RNvNvMs_NtCsdpsOGJVkNCx_11g_momonados16ququart_decisionNtB6_13DecisionArena4mass5visit
b5e7844	b61732d	_RNvMs2_NtCskLLYNqycIrM_5alloc7raw_vecNtB5_11RawVecInner10deallocateCsk0jeUoGqz9c_5gimli
b5e79af	b620b9b	_RNvXs_NtNtCsj3tWkqr9aMa_10num_bigint7biguint8additionNtB6_7BigUintINtNtNtCsnruyAgQs18_4core3ops5arith9AddAssignRBP_E10add_assign.419
b5e7a00	b620b9b	_RNvXs_NtNtCsj3tWkqr9aMa_10num_bigint7biguint8additionNtB6_7BigUintINtNtNtCsnruyAgQs18_4core3ops5arith9AddAssignRBP_E10add_assign.419
b5e7a42	b61732d	_RNvMs2_NtCskLLYNqycIrM_5alloc7raw_vecNtB5_11RawVecInner10deallocateCsk0jeUoGqz9c_5gimli
b5e7aba	b5f43d0	_RNvCsk86JGSqdI7m_7___rustc12___rust_alloc
b5e7d9f	b5f4364	_RNvMs2_NtCskLLYNqycIrM_5alloc7raw_vecNtB5_11RawVecInner17try_reserve_exactCs22DQ8UGc6mr_6cudarc
b5e7df5	b618432	_RNvXs1_NtCskLLYNqycIrM_5alloc7raw_vecINtB5_6RawVecbENtNtNtCsnruyAgQs18_4core3ops4drop4Drop4dropCsfD1Gv4SB9fp_10imasm_core
b5e7e39	b61732d	_RNvMs2_NtCskLLYNqycIrM_5alloc7raw_vecNtB5_11RawVecInner10deallocateCsk0jeUoGqz9c_5gimli
b5e7eeb	b623ae8	_RNvXsi_NtCsj3tWkqr9aMa_10num_bigint7biguintNtB5_7BigUintNtNtCs9tfi6Vxkrxw_11num_integer5roots5Roots4sqrt
b5e7f85	b607609	_RNvMs2_NtCsdpsOGJVkNCx_11g_momonados13phase_unbraidNtB5_16FixedPointFormat5scale
b5e7f8a	b5f7f08	_RINvMs2_NtNtCsHhKrCRAwTZ_3std6thread5localINtB6_8LocalKeyINtNtCsnruyAgQs18_4core4cell4CellTyyEEE4withNCNvMNtNtBa_4hash6randomNtB1G_11RandomState3new0B1Z_ECsdpsOGJVkNCx_11g_momonados
b5e7fd3	b60c581	_RNvNvMs_NtCsdpsOGJVkNCx_11g_momonados16ququart_decisionNtB6_13DecisionArena9normalize5visit
b5e803a	b61732d	_RNvMs2_NtCskLLYNqycIrM_5alloc7raw_vecNtB5_11RawVecInner10deallocateCsk0jeUoGqz9c_5gimli
b5e807f	b5f7473	_RNvMs_NtCsdpsOGJVkNCx_11g_momonados16ququart_decisionNtB4_13DecisionArena6intern
b5e80bf	b5f7199	_RNvMs_NtCsdpsOGJVkNCx_11g_momonados16ququart_decisionNtB4_13DecisionArena4fold
b5e8107	b61732d	_RNvMs2_NtCskLLYNqycIrM_5alloc7raw_vecNtB5_11RawVecInner10deallocateCsk0jeUoGqz9c_5gimli
b5e813a	b61732d	_RNvMs2_NtCskLLYNqycIrM_5alloc7raw_vecNtB5_11RawVecInner10deallocateCsk0jeUoGqz9c_5gimli
b5e8164	b661b1e	_RNvMs1_NtCskLLYNqycIrM_5alloc3vecINtB5_3VechE6resizeCsg3cQm1fbFB4_3vox
b5e82d1	b61bf25	_RNvNtNtCsj3tWkqr9aMa_10num_bigint7biguint7convert22from_bitwise_digits_le
b5e83c8	b61732d	_RNvMs2_NtCskLLYNqycIrM_5alloc7raw_vecNtB5_11RawVecInner10deallocateCsk0jeUoGqz9c_5gimli
b5e83f7	b618432	_RNvXs1_NtCskLLYNqycIrM_5alloc7raw_vecINtB5_6RawVecbENtNtNtCsnruyAgQs18_4core3ops4drop4Drop4dropCsfD1Gv4SB9fp_10imasm_core
b5e849c	b604d1b	_RNvXs_NtNtCsj3tWkqr9aMa_10num_bigint7biguint8additionNtB6_7BigUintINtNtNtCsnruyAgQs18_4core3ops5arith9AddAssignRBP_E10add_assign
b5e85c9	b61732d	_RNvMs2_NtCskLLYNqycIrM_5alloc7raw_vecNtB5_11RawVecInner10deallocateCsk0jeUoGqz9c_5gimli
b5e862d	b61732d	_RNvMs2_NtCskLLYNqycIrM_5alloc7raw_vecNtB5_11RawVecInner10deallocateCsk0jeUoGqz9c_5gimli
b5e867d	b61732d	_RNvMs2_NtCskLLYNqycIrM_5alloc7raw_vecNtB5_11RawVecInner10deallocateCsk0jeUoGqz9c_5gimli
b5e8702	b620269	_RNvNtNtCsj3tWkqr9aMa_10num_bigint7biguint5shift12biguint_shl2
b5e871f	b604d1b	_RNvXs_NtNtCsj3tWkqr9aMa_10num_bigint7biguint8additionNtB6_7BigUintINtNtNtCsnruyAgQs18_4core3ops5arith9AddAssignRBP_E10add_assign
b5e873e	b61732d	_RNvMs2_NtCskLLYNqycIrM_5alloc7raw_vecNtB5_11RawVecInner10deallocateCsk0jeUoGqz9c_5gimli
b5e876d	b604d1b	_RNvXs_NtNtCsj3tWkqr9aMa_10num_bigint7biguint8additionNtB6_7BigUintINtNtNtCsnruyAgQs18_4core3ops5arith9AddAssignRBP_E10add_assign
b5e87f7	b5f7473	_RNvMs_NtCsdpsOGJVkNCx_11g_momonados16ququart_decisionNtB4_13DecisionArena6intern
b5e882d	b5f7199	_RNvMs_NtCsdpsOGJVkNCx_11g_momonados16ququart_decisionNtB4_13DecisionArena4fold
b5e88a5	b61732d	_RNvMs2_NtCskLLYNqycIrM_5alloc7raw_vecNtB5_11RawVecInner10deallocateCsk0jeUoGqz9c_5gimli
b5e88cc	b61732d	_RNvMs2_NtCskLLYNqycIrM_5alloc7raw_vecNtB5_11RawVecInner10deallocateCsk0jeUoGqz9c_5gimli
b5e890e	b61732d	_RNvMs2_NtCskLLYNqycIrM_5alloc7raw_vecNtB5_11RawVecInner10deallocateCsk0jeUoGqz9c_5gimli
b5e893c	b61732d	_RNvMs2_NtCskLLYNqycIrM_5alloc7raw_vecNtB5_11RawVecInner10deallocateCsk0jeUoGqz9c_5gimli
b5e895b	b617f7f	_RNvMs2_NtCskLLYNqycIrM_5alloc7raw_vecNtB5_11RawVecInner10deallocateCsfD1Gv4SB9fp_10imasm_core
b5e897a	b617f7f	_RNvMs2_NtCskLLYNqycIrM_5alloc7raw_vecNtB5_11RawVecInner10deallocateCsfD1Gv4SB9fp_10imasm_core
b5e89ba	b61732d	_RNvMs2_NtCskLLYNqycIrM_5alloc7raw_vecNtB5_11RawVecInner10deallocateCsk0jeUoGqz9c_5gimli
b5e89e8	b61732d	_RNvMs2_NtCskLLYNqycIrM_5alloc7raw_vecNtB5_11RawVecInner10deallocateCsk0jeUoGqz9c_5gimli
b5e8a04	b617f7f	_RNvMs2_NtCskLLYNqycIrM_5alloc7raw_vecNtB5_11RawVecInner10deallocateCsfD1Gv4SB9fp_10imasm_core
b5e8a23	b617f7f	_RNvMs2_NtCskLLYNqycIrM_5alloc7raw_vecNtB5_11RawVecInner10deallocateCsfD1Gv4SB9fp_10imasm_core
b5e8a70	b61732d	_RNvMs2_NtCskLLYNqycIrM_5alloc7raw_vecNtB5_11RawVecInner10deallocateCsk0jeUoGqz9c_5gimli
b5e8a9e	b61732d	_RNvMs2_NtCskLLYNqycIrM_5alloc7raw_vecNtB5_11RawVecInner10deallocateCsk0jeUoGqz9c_5gimli
b5e8abd	b617f7f	_RNvMs2_NtCskLLYNqycIrM_5alloc7raw_vecNtB5_11RawVecInner10deallocateCsfD1Gv4SB9fp_10imasm_core
b5e8adc	b617f7f	_RNvMs2_NtCskLLYNqycIrM_5alloc7raw_vecNtB5_11RawVecInner10deallocateCsfD1Gv4SB9fp_10imasm_core
b5e8b1d	b616b9f	_RNvXs_NtCsdpsOGJVkNCx_11g_momonados19ququart_folded_workNtB4_23QuquartFoldedWorkDeviceNtNtB6_14ququart_factor18QuquartPhaseDevice5abort
b5e8bbb	b5ed3c5	_RNvNtCskLLYNqycIrM_5alloc7raw_vec12handle_error
b5e8bd3	b5edd60	_RNvNtCsnruyAgQs18_4core9panicking9panic_fmt
b5e8be5	b5ed3c5	_RNvNtCskLLYNqycIrM_5alloc7raw_vec12handle_error
b5e8ccd	b5f43d0	_RNvCsk86JGSqdI7m_7___rustc12___rust_alloc
b5e8cf5	b5ed3c5	_RNvNtCskLLYNqycIrM_5alloc7raw_vec12handle_error
b5e8d15	b6149fe	_RNvMs_NtCsdpsOGJVkNCx_11g_momonados13anyon_ququartNtB4_19QuquartPhaseReadout11denominator
b5e8d95	b61732d	_RNvMs2_NtCskLLYNqycIrM_5alloc7raw_vecNtB5_11RawVecInner10deallocateCsk0jeUoGqz9c_5gimli
b5e8dbe	b606115	_RNvMs0_NtCskLLYNqycIrM_5alloc7raw_vecINtB5_6RawVecTNtNtCsj3tWkqr9aMa_10num_bigint7biguint7BigUintBN_EE8grow_oneCsdpsOGJVkNCx_11g_momonados
b5e903a	b5ed3c5	_RNvNtCskLLYNqycIrM_5alloc7raw_vec12handle_error
b5e904d	b5ed3c5	_RNvNtCskLLYNqycIrM_5alloc7raw_vec12handle_error
b5e9060	b5ed3c5	_RNvNtCskLLYNqycIrM_5alloc7raw_vec12handle_error
b5e90ca	b61732d	_RNvMs2_NtCskLLYNqycIrM_5alloc7raw_vecNtB5_11RawVecInner10deallocateCsk0jeUoGqz9c_5gimli
b5e90d2	b616b9f	_RNvXs_NtCsdpsOGJVkNCx_11g_momonados19ququart_folded_workNtB4_23QuquartFoldedWorkDeviceNtNtB6_14ququart_factor18QuquartPhaseDevice5abort
b5e90ff	b5ed3c5	_RNvNtCskLLYNqycIrM_5alloc7raw_vec12handle_error
b5e911b	b5f43d0	_RNvCsk86JGSqdI7m_7___rustc12___rust_alloc
b5e913b	b5ef220	_RNvNtCsnruyAgQs18_4core6option13unwrap_failed
b5e914b	b6149fe	_RNvMs_NtCsdpsOGJVkNCx_11g_momonados13anyon_ququartNtB4_19QuquartPhaseReadout11denominator
b5e9195	b5ed3c5	_RNvNtCskLLYNqycIrM_5alloc7raw_vec12handle_error
b5e9208	b611351	_RNvMsb_NtCsdpsOGJVkNCx_11g_momonados13phase_unbraidNtB5_23PhaseReadoutAccumulator14close_fraction
b5e922e	b61732d	_RNvMs2_NtCskLLYNqycIrM_5alloc7raw_vecNtB5_11RawVecInner10deallocateCsk0jeUoGqz9c_5gimli
b5e931b	b5ed3c5	_RNvNtCskLLYNqycIrM_5alloc7raw_vec12handle_error
b5e93eb	b5ed3c5	_RNvNtCskLLYNqycIrM_5alloc7raw_vec12handle_error
b5e93fd	b5ed3c5	_RNvNtCskLLYNqycIrM_5alloc7raw_vec12handle_error
b5e945b	b6158d7	_RNvNtCsdpsOGJVkNCx_11g_momonados14ququart_factor25extract_certified_winding
b5e94cd	b5ed3c5	_RNvNtCskLLYNqycIrM_5alloc7raw_vec12handle_error
b5e9521	b5ec71e	_RNvXs7_NtNtCsnruyAgQs18_4core3cmp5implsRNtNtCsj3tWkqr9aMa_10num_bigint7biguint7BigUintNtB7_9PartialEq2eqCsdJEnVQ2ios3_20ququart_factor_baked
b5e953a	b5ec71e	_RNvXs7_NtNtCsnruyAgQs18_4core3cmp5implsRNtNtCsj3tWkqr9aMa_10num_bigint7biguint7BigUintNtB7_9PartialEq2eqCsdJEnVQ2ios3_20ququart_factor_baked
b5e954e	b5ec71e	_RNvXs7_NtNtCsnruyAgQs18_4core3cmp5implsRNtNtCsj3tWkqr9aMa_10num_bigint7biguint7BigUintNtB7_9PartialEq2eqCsdJEnVQ2ios3_20ququart_factor_baked
b5e956b	b5ec71e	_RNvXs7_NtNtCsnruyAgQs18_4core3cmp5implsRNtNtCsj3tWkqr9aMa_10num_bigint7biguint7BigUintNtB7_9PartialEq2eqCsdJEnVQ2ios3_20ququart_factor_baked
b5e95b4	b61732d	_RNvMs2_NtCskLLYNqycIrM_5alloc7raw_vecNtB5_11RawVecInner10deallocateCsk0jeUoGqz9c_5gimli
b5e95da	b61732d	_RNvMs2_NtCskLLYNqycIrM_5alloc7raw_vecNtB5_11RawVecInner10deallocateCsk0jeUoGqz9c_5gimli
b5e9604	b61732d	_RNvMs2_NtCskLLYNqycIrM_5alloc7raw_vecNtB5_11RawVecInner10deallocateCsk0jeUoGqz9c_5gimli
b5e961c	b5ed3c5	_RNvNtCskLLYNqycIrM_5alloc7raw_vec12handle_error
b5e962e	b5ed3c5	_RNvNtCskLLYNqycIrM_5alloc7raw_vec12handle_error
b5e9641	b5ed3c5	_RNvNtCskLLYNqycIrM_5alloc7raw_vec12handle_error
b5e9654	b5ed3c5	_RNvNtCskLLYNqycIrM_5alloc7raw_vec12handle_error
b5e9670	b5ec53d	_RNvXs1_NtCsnruyAgQs18_4core7convertReINtB5_4IntoNtNtCskLLYNqycIrM_5alloc6string6StringE4intoCsdJEnVQ2ios3_20ququart_factor_baked
b5e9686	b5dd628	_RINvNtCsnruyAgQs18_4core3ptr13drop_in_placeNtNtCsdpsOGJVkNCx_11g_momonados14ququart_factor20QuquartFactorClosureECsdJEnVQ2ios3_20ququart_factor_baked
b5e96ac	b61732d	_RNvMs2_NtCskLLYNqycIrM_5alloc7raw_vecNtB5_11RawVecInner10deallocateCsk0jeUoGqz9c_5gimli
b5e96d2	b61732d	_RNvMs2_NtCskLLYNqycIrM_5alloc7raw_vecNtB5_11RawVecInner10deallocateCsk0jeUoGqz9c_5gimli
b5e96fc	b61732d	_RNvMs2_NtCskLLYNqycIrM_5alloc7raw_vecNtB5_11RawVecInner10deallocateCsk0jeUoGqz9c_5gimli
b5e9710	b5ed4ce	_RNvNtCskLLYNqycIrM_5alloc5alloc18handle_alloc_error
b5e971f	b5ed3c5	_RNvNtCskLLYNqycIrM_5alloc7raw_vec12handle_error
b5e9731	b5ed3c5	_RNvNtCskLLYNqycIrM_5alloc7raw_vec12handle_error
b5e9743	b5ed3c5	_RNvNtCskLLYNqycIrM_5alloc7raw_vec12handle_error
b5e975f	b5ed4ce	_RNvNtCskLLYNqycIrM_5alloc5alloc18handle_alloc_error
b5e976e	b5ed3c5	_RNvNtCskLLYNqycIrM_5alloc7raw_vec12handle_error
b5e977f	b5ee94d	_RNvNtCsnruyAgQs18_4core9panicking18panic_bounds_check
b5e978e	b5ee94d	_RNvNtCsnruyAgQs18_4core9panicking18panic_bounds_check
b5e979d	b5ee94d	_RNvNtCsnruyAgQs18_4core9panicking18panic_bounds_check
b5e97b1	b5ee94d	_RNvNtCsnruyAgQs18_4core9panicking18panic_bounds_check
b5e97c0	b5ed3c5	_RNvNtCskLLYNqycIrM_5alloc7raw_vec12handle_error
b5e97cf	b5ed3c5	_RNvNtCskLLYNqycIrM_5alloc7raw_vec12handle_error
b5e97de	b5ed3c5	_RNvNtCskLLYNqycIrM_5alloc7raw_vec12handle_error
b5e97ed	b5ed3c5	_RNvNtCskLLYNqycIrM_5alloc7raw_vec12handle_error
b5e9833	b5ed3c5	_RNvNtCskLLYNqycIrM_5alloc7raw_vec12handle_error
b5e9842	b5ed3c5	_RNvNtCskLLYNqycIrM_5alloc7raw_vec12handle_error
b5e9851	b5ed3c5	_RNvNtCskLLYNqycIrM_5alloc7raw_vec12handle_error
b5e9867	b5ee94d	_RNvNtCsnruyAgQs18_4core9panicking18panic_bounds_check
b5e9876	b5ed3c5	_RNvNtCskLLYNqycIrM_5alloc7raw_vec12handle_error
b5e9897	b5ee94d	_RNvNtCsnruyAgQs18_4core9panicking18panic_bounds_check
b5e98a6	b5ed3c5	_RNvNtCskLLYNqycIrM_5alloc7raw_vec12handle_error
b5e98b5	b5ed3c5	_RNvNtCskLLYNqycIrM_5alloc7raw_vec12handle_error
b5e9912	b5ed3c5	_RNvNtCskLLYNqycIrM_5alloc7raw_vec12handle_error
b5e9921	b5ed3c5	_RNvNtCskLLYNqycIrM_5alloc7raw_vec12handle_error
