ab8704f	ab7c60b	_RNvMNtCsdpsOGJVkNCx_11g_momonados19ququart_folded_workNtB2_23QuquartFoldedWorkDevice14require_active
ab870d3	ab710e8	_RNvMNtCsdpsOGJVkNCx_11g_momonados18reversible_modularNtB2_15ModularMultiply3new
ab872fd	ab7c52c	_RINvNtCsnruyAgQs18_4core3ptr13drop_in_placeINtNtB4_6option6OptionNtNtCsdpsOGJVkNCx_11g_momonados19ququart_folded_work19PreparedModularWorkEEB15_
ab87364	ab6747e	_RNvMs_NtCsdpsOGJVkNCx_11g_momonados16ququart_decisionNtB4_13DecisionArena4fold
ab87433	ab8a6b8	_RNvXsa_NtCskLLYNqycIrM_5alloc3vecINtB5_3VecTjbEENtNtCsnruyAgQs18_4core5clone5Clone5cloneCsdpsOGJVkNCx_11g_momonados
ab8748c	ab8bd3e	_RNvXsa_NtCskLLYNqycIrM_5alloc3vecINtB5_3VecjENtNtCsnruyAgQs18_4core5clone5Clone5cloneCsfD1Gv4SB9fp_10imasm_core
ab874b4	ab8bd3e	_RNvXsa_NtCskLLYNqycIrM_5alloc3vecINtB5_3VecjENtNtCsnruyAgQs18_4core5clone5Clone5cloneCsfD1Gv4SB9fp_10imasm_core
ab874dc	ab8bd3e	_RNvXsa_NtCskLLYNqycIrM_5alloc3vecINtB5_3VecjENtNtCsnruyAgQs18_4core5clone5Clone5cloneCsfD1Gv4SB9fp_10imasm_core
ab874f1	ab8bd3e	_RNvXsa_NtCskLLYNqycIrM_5alloc3vecINtB5_3VecjENtNtCsnruyAgQs18_4core5clone5Clone5cloneCsfD1Gv4SB9fp_10imasm_core
ab8756c	ab8a6b8	_RNvXsa_NtCskLLYNqycIrM_5alloc3vecINtB5_3VecTjbEENtNtCsnruyAgQs18_4core5clone5Clone5cloneCsdpsOGJVkNCx_11g_momonados
ab875f5	ab8a6b8	_RNvXsa_NtCskLLYNqycIrM_5alloc3vecINtB5_3VecTjbEENtNtCsnruyAgQs18_4core5clone5Clone5cloneCsdpsOGJVkNCx_11g_momonados
ab876d2	ab64650	_RNvCsk86JGSqdI7m_7___rustc12___rust_alloc
ab87733	ab64650	_RNvCsk86JGSqdI7m_7___rustc12___rust_alloc
ab8778c	ab64650	_RNvCsk86JGSqdI7m_7___rustc12___rust_alloc
ab877c0	ab8a6b8	_RNvXsa_NtCskLLYNqycIrM_5alloc3vecINtB5_3VecTjbEENtNtCsnruyAgQs18_4core5clone5Clone5cloneCsdpsOGJVkNCx_11g_momonados
ab8786e	ab65a4e	_RNvMNtCsdpsOGJVkNCx_11g_momonados19ququart_folded_workNtB2_23QuquartFoldedWorkDevice12apply_nested
ab878df	ab64650	_RNvCsk86JGSqdI7m_7___rustc12___rust_alloc
ab87ab9	ab950a7	_RNvNtNtCsj3tWkqr9aMa_10num_bigint7biguint8division11div_rem_cow
ab87afa	ab8af17	_RNvMs2_NtCskLLYNqycIrM_5alloc7raw_vecNtB5_11RawVecInner10deallocateCsk0jeUoGqz9c_5gimli
ab87be0	ab64a53	_RNvNtCsdpsOGJVkNCx_11g_momonados18reversible_modular7inverse
ab87c24	ab8af17	_RNvMs2_NtCskLLYNqycIrM_5alloc7raw_vecNtB5_11RawVecInner10deallocateCsk0jeUoGqz9c_5gimli
ab87c57	ab7046c	_RNvXs8_NtNtCsj3tWkqr9aMa_10num_bigint7biguint14multiplicationRNtB7_7BigUintNtNtNtCsnruyAgQs18_4core3ops5arith3Mul3mul
ab87ceb	ab653a2	_RNvXs_NtNtCskLLYNqycIrM_5alloc3vec21spec_from_iter_nestedINtB6_3VecjEINtB4_18SpecFromIterNestedjINtNtNtCsnruyAgQs18_4core3ops5range14RangeInclusivejEE9from_iterCsdpsOGJVkNCx_11g_momonados
ab87d16	ab653a2	_RNvXs_NtNtCskLLYNqycIrM_5alloc3vec21spec_from_iter_nestedINtB6_3VecjEINtB4_18SpecFromIterNestedjINtNtNtCsnruyAgQs18_4core3ops5range14RangeInclusivejEE9from_iterCsdpsOGJVkNCx_11g_momonados
ab87de1	ab8bd3e	_RNvXsa_NtCskLLYNqycIrM_5alloc3vecINtB5_3VecjENtNtCsnruyAgQs18_4core5clone5Clone5cloneCsfD1Gv4SB9fp_10imasm_core
ab87e1d	ab64650	_RNvCsk86JGSqdI7m_7___rustc12___rust_alloc
ab87f1a	ab64650	_RNvCsk86JGSqdI7m_7___rustc12___rust_alloc
ab8800a	ab654f2	_RNCINvMNtCsdpsOGJVkNCx_11g_momonados18reversible_modularNtB5_15ModularMultiply25emit_ququart_nested_radixNCNvXs_NtB7_19ququart_folded_workNtB1M_23QuquartFoldedWorkDeviceNtNtB7_14ququart_factor18QuquartPhaseDevice19controlled_multiplys0_0Es_0B7_
ab8805d	ab8f9ce	_RNvXs_NtCskLLYNqycIrM_5alloc6borrowNtNtCsj3tWkqr9aMa_10num_bigint7biguint7BigUintNtB4_7ToOwned8to_ownedBB_
ab880b0	ab93e59	_RNvNtNtCsj3tWkqr9aMa_10num_bigint7biguint5shift12biguint_shl2
ab88182	ab950a7	_RNvNtNtCsj3tWkqr9aMa_10num_bigint7biguint8division11div_rem_cow
ab881c8	ab8af17	_RNvMs2_NtCskLLYNqycIrM_5alloc7raw_vecNtB5_11RawVecInner10deallocateCsk0jeUoGqz9c_5gimli
ab8822f	ab8af17	_RNvMs2_NtCskLLYNqycIrM_5alloc7raw_vecNtB5_11RawVecInner10deallocateCsk0jeUoGqz9c_5gimli
ab8825d	ab8af17	_RNvMs2_NtCskLLYNqycIrM_5alloc7raw_vecNtB5_11RawVecInner10deallocateCsk0jeUoGqz9c_5gimli
ab882fa	ab64650	_RNvCsk86JGSqdI7m_7___rustc12___rust_alloc
ab88384	ab5d645	_RNvNtCskLLYNqycIrM_5alloc7raw_vec12handle_error
ab884e3	ab654f2	_RNCINvMNtCsdpsOGJVkNCx_11g_momonados18reversible_modularNtB5_15ModularMultiply25emit_ququart_nested_radixNCNvXs_NtB7_19ququart_folded_workNtB1M_23QuquartFoldedWorkDeviceNtNtB7_14ququart_factor18QuquartPhaseDevice19controlled_multiplys0_0Es_0B7_
ab8865f	ab94c49	_RNvXs_NtNtCsj3tWkqr9aMa_10num_bigint7biguint11subtractionNtB6_7BigUintINtNtNtCsnruyAgQs18_4core3ops5arith9SubAssignRBT_E10sub_assign
ab88694	ab8bd3e	_RNvXsa_NtCskLLYNqycIrM_5alloc3vecINtB5_3VecjENtNtCsnruyAgQs18_4core5clone5Clone5cloneCsfD1Gv4SB9fp_10imasm_core
ab886cd	ab64650	_RNvCsk86JGSqdI7m_7___rustc12___rust_alloc
ab8875b	ab64650	_RNvCsk86JGSqdI7m_7___rustc12___rust_alloc
ab8879d	ab64650	_RNvCsk86JGSqdI7m_7___rustc12___rust_alloc
ab888df	ab654f2	_RNCINvMNtCsdpsOGJVkNCx_11g_momonados18reversible_modularNtB5_15ModularMultiply25emit_ququart_nested_radixNCNvXs_NtB7_19ququart_folded_workNtB1M_23QuquartFoldedWorkDeviceNtNtB7_14ququart_factor18QuquartPhaseDevice19controlled_multiplys0_0Es_0B7_
ab88935	ab8f9ce	_RNvXs_NtCskLLYNqycIrM_5alloc6borrowNtNtCsj3tWkqr9aMa_10num_bigint7biguint7BigUintNtB4_7ToOwned8to_ownedBB_
ab88984	ab93e59	_RNvNtNtCsj3tWkqr9aMa_10num_bigint7biguint5shift12biguint_shl2
ab88a58	ab950a7	_RNvNtNtCsj3tWkqr9aMa_10num_bigint7biguint8division11div_rem_cow
ab88aac	ab8af17	_RNvMs2_NtCskLLYNqycIrM_5alloc7raw_vecNtB5_11RawVecInner10deallocateCsk0jeUoGqz9c_5gimli
ab88b31	ab8af17	_RNvMs2_NtCskLLYNqycIrM_5alloc7raw_vecNtB5_11RawVecInner10deallocateCsk0jeUoGqz9c_5gimli
ab88b71	ab8af17	_RNvMs2_NtCskLLYNqycIrM_5alloc7raw_vecNtB5_11RawVecInner10deallocateCsk0jeUoGqz9c_5gimli
ab88c56	ab950a7	_RNvNtNtCsj3tWkqr9aMa_10num_bigint7biguint8division11div_rem_cow
ab88c97	ab8af17	_RNvMs2_NtCskLLYNqycIrM_5alloc7raw_vecNtB5_11RawVecInner10deallocateCsk0jeUoGqz9c_5gimli
ab88d5b	ab8af17	_RNvMs2_NtCskLLYNqycIrM_5alloc7raw_vecNtB5_11RawVecInner10deallocateCsk0jeUoGqz9c_5gimli
ab88d77	ab8bb69	_RNvMs2_NtCskLLYNqycIrM_5alloc7raw_vecNtB5_11RawVecInner10deallocateCsfD1Gv4SB9fp_10imasm_core
ab88d96	ab8bb69	_RNvMs2_NtCskLLYNqycIrM_5alloc7raw_vecNtB5_11RawVecInner10deallocateCsfD1Gv4SB9fp_10imasm_core
ab88dbf	ab8af17	_RNvMs2_NtCskLLYNqycIrM_5alloc7raw_vecNtB5_11RawVecInner10deallocateCsk0jeUoGqz9c_5gimli
ab88e05	ab8af17	_RNvMs2_NtCskLLYNqycIrM_5alloc7raw_vecNtB5_11RawVecInner10deallocateCsk0jeUoGqz9c_5gimli
ab88e41	ab5d645	_RNvNtCskLLYNqycIrM_5alloc7raw_vec12handle_error
ab88e54	ab5d645	_RNvNtCskLLYNqycIrM_5alloc7raw_vec12handle_error
ab88e63	ab5d645	_RNvNtCskLLYNqycIrM_5alloc7raw_vec12handle_error
ab88e76	ab5d645	_RNvNtCskLLYNqycIrM_5alloc7raw_vec12handle_error
ab88eb1	ab8af17	_RNvMs2_NtCskLLYNqycIrM_5alloc7raw_vecNtB5_11RawVecInner10deallocateCsk0jeUoGqz9c_5gimli
ab89022	ab950a7	_RNvNtNtCsj3tWkqr9aMa_10num_bigint7biguint8division11div_rem_cow
ab89063	ab8af17	_RNvMs2_NtCskLLYNqycIrM_5alloc7raw_vecNtB5_11RawVecInner10deallocateCsk0jeUoGqz9c_5gimli
ab89147	ab64a53	_RNvNtCsdpsOGJVkNCx_11g_momonados18reversible_modular7inverse
ab89193	ab8af17	_RNvMs2_NtCskLLYNqycIrM_5alloc7raw_vecNtB5_11RawVecInner10deallocateCsk0jeUoGqz9c_5gimli
ab891c3	ab6747e	_RNvMs_NtCsdpsOGJVkNCx_11g_momonados16ququart_decisionNtB4_13DecisionArena4fold
ab89214	ab8af17	_RNvMs2_NtCskLLYNqycIrM_5alloc7raw_vecNtB5_11RawVecInner10deallocateCsk0jeUoGqz9c_5gimli
ab89278	ab653a2	_RNvXs_NtNtCskLLYNqycIrM_5alloc3vec21spec_from_iter_nestedINtB6_3VecjEINtB4_18SpecFromIterNestedjINtNtNtCsnruyAgQs18_4core3ops5range14RangeInclusivejEE9from_iterCsdpsOGJVkNCx_11g_momonados
ab892a3	ab653a2	_RNvXs_NtNtCskLLYNqycIrM_5alloc3vec21spec_from_iter_nestedINtB6_3VecjEINtB4_18SpecFromIterNestedjINtNtNtCsnruyAgQs18_4core3ops5range14RangeInclusivejEE9from_iterCsdpsOGJVkNCx_11g_momonados
ab89363	ab8bd3e	_RNvXsa_NtCskLLYNqycIrM_5alloc3vecINtB5_3VecjENtNtCsnruyAgQs18_4core5clone5Clone5cloneCsfD1Gv4SB9fp_10imasm_core
ab893b3	ab64650	_RNvCsk86JGSqdI7m_7___rustc12___rust_alloc
ab894b0	ab64650	_RNvCsk86JGSqdI7m_7___rustc12___rust_alloc
ab894eb	ab64650	_RNvCsk86JGSqdI7m_7___rustc12___rust_alloc
ab8963d	ab654f2	_RNCINvMNtCsdpsOGJVkNCx_11g_momonados18reversible_modularNtB5_15ModularMultiply25emit_ququart_nested_radixNCNvXs_NtB7_19ququart_folded_workNtB1M_23QuquartFoldedWorkDeviceNtNtB7_14ququart_factor18QuquartPhaseDevice19controlled_multiplys0_0Es_0B7_
ab8967e	ab8f9ce	_RNvXs_NtCskLLYNqycIrM_5alloc6borrowNtNtCsj3tWkqr9aMa_10num_bigint7biguint7BigUintNtB4_7ToOwned8to_ownedBB_
ab896c8	ab93e59	_RNvNtNtCsj3tWkqr9aMa_10num_bigint7biguint5shift12biguint_shl2
ab8979e	ab950a7	_RNvNtNtCsj3tWkqr9aMa_10num_bigint7biguint8division11div_rem_cow
ab897e4	ab8af17	_RNvMs2_NtCskLLYNqycIrM_5alloc7raw_vecNtB5_11RawVecInner10deallocateCsk0jeUoGqz9c_5gimli
ab8984b	ab8af17	_RNvMs2_NtCskLLYNqycIrM_5alloc7raw_vecNtB5_11RawVecInner10deallocateCsk0jeUoGqz9c_5gimli
ab8987e	ab8af17	_RNvMs2_NtCskLLYNqycIrM_5alloc7raw_vecNtB5_11RawVecInner10deallocateCsk0jeUoGqz9c_5gimli
ab8990a	ab5d645	_RNvNtCskLLYNqycIrM_5alloc7raw_vec12handle_error
ab8991d	ab5d645	_RNvNtCskLLYNqycIrM_5alloc7raw_vec12handle_error
ab89a50	ab654f2	_RNCINvMNtCsdpsOGJVkNCx_11g_momonados18reversible_modularNtB5_15ModularMultiply25emit_ququart_nested_radixNCNvXs_NtB7_19ququart_folded_workNtB1M_23QuquartFoldedWorkDeviceNtNtB7_14ququart_factor18QuquartPhaseDevice19controlled_multiplys0_0Es_0B7_
ab89bbf	ab94c49	_RNvXs_NtNtCsj3tWkqr9aMa_10num_bigint7biguint11subtractionNtB6_7BigUintINtNtNtCsnruyAgQs18_4core3ops5arith9SubAssignRBT_E10sub_assign
ab89bf4	ab8bd3e	_RNvXsa_NtCskLLYNqycIrM_5alloc3vecINtB5_3VecjENtNtCsnruyAgQs18_4core5clone5Clone5cloneCsfD1Gv4SB9fp_10imasm_core
ab89c3f	ab64650	_RNvCsk86JGSqdI7m_7___rustc12___rust_alloc
ab89ccb	ab64650	_RNvCsk86JGSqdI7m_7___rustc12___rust_alloc
ab89d0f	ab64650	_RNvCsk86JGSqdI7m_7___rustc12___rust_alloc
ab89e61	ab654f2	_RNCINvMNtCsdpsOGJVkNCx_11g_momonados18reversible_modularNtB5_15ModularMultiply25emit_ququart_nested_radixNCNvXs_NtB7_19ququart_folded_workNtB1M_23QuquartFoldedWorkDeviceNtNtB7_14ququart_factor18QuquartPhaseDevice19controlled_multiplys0_0Es_0B7_
ab89eab	ab8f9ce	_RNvXs_NtCskLLYNqycIrM_5alloc6borrowNtNtCsj3tWkqr9aMa_10num_bigint7biguint7BigUintNtB4_7ToOwned8to_ownedBB_
ab89f02	ab93e59	_RNvNtNtCsj3tWkqr9aMa_10num_bigint7biguint5shift12biguint_shl2
ab89fdf	ab950a7	_RNvNtNtCsj3tWkqr9aMa_10num_bigint7biguint8division11div_rem_cow
ab8a030	ab8af17	_RNvMs2_NtCskLLYNqycIrM_5alloc7raw_vecNtB5_11RawVecInner10deallocateCsk0jeUoGqz9c_5gimli
ab8a0ae	ab8af17	_RNvMs2_NtCskLLYNqycIrM_5alloc7raw_vecNtB5_11RawVecInner10deallocateCsk0jeUoGqz9c_5gimli
ab8a0ed	ab8af17	_RNvMs2_NtCskLLYNqycIrM_5alloc7raw_vecNtB5_11RawVecInner10deallocateCsk0jeUoGqz9c_5gimli
ab8a177	ab8af17	_RNvMs2_NtCskLLYNqycIrM_5alloc7raw_vecNtB5_11RawVecInner10deallocateCsk0jeUoGqz9c_5gimli
ab8a1a5	ab8af17	_RNvMs2_NtCskLLYNqycIrM_5alloc7raw_vecNtB5_11RawVecInner10deallocateCsk0jeUoGqz9c_5gimli
ab8a1c1	ab8bb69	_RNvMs2_NtCskLLYNqycIrM_5alloc7raw_vecNtB5_11RawVecInner10deallocateCsfD1Gv4SB9fp_10imasm_core
ab8a1e0	ab8bb69	_RNvMs2_NtCskLLYNqycIrM_5alloc7raw_vecNtB5_11RawVecInner10deallocateCsfD1Gv4SB9fp_10imasm_core
ab8a1f8	ab5d645	_RNvNtCskLLYNqycIrM_5alloc7raw_vec12handle_error
ab8a23e	ab8af17	_RNvMs2_NtCskLLYNqycIrM_5alloc7raw_vecNtB5_11RawVecInner10deallocateCsk0jeUoGqz9c_5gimli
ab8a25a	ab8bb69	_RNvMs2_NtCskLLYNqycIrM_5alloc7raw_vecNtB5_11RawVecInner10deallocateCsfD1Gv4SB9fp_10imasm_core
ab8a279	ab8bb69	_RNvMs2_NtCskLLYNqycIrM_5alloc7raw_vecNtB5_11RawVecInner10deallocateCsfD1Gv4SB9fp_10imasm_core
ab8a2a2	ab8af17	_RNvMs2_NtCskLLYNqycIrM_5alloc7raw_vecNtB5_11RawVecInner10deallocateCsk0jeUoGqz9c_5gimli
ab8a2e8	ab8af17	_RNvMs2_NtCskLLYNqycIrM_5alloc7raw_vecNtB5_11RawVecInner10deallocateCsk0jeUoGqz9c_5gimli
ab8a309	ab5d645	_RNvNtCskLLYNqycIrM_5alloc7raw_vec12handle_error
ab8a319	ab5d645	_RNvNtCskLLYNqycIrM_5alloc7raw_vec12handle_error
ab8a35d	ab8af17	_RNvMs2_NtCskLLYNqycIrM_5alloc7raw_vecNtB5_11RawVecInner10deallocateCsk0jeUoGqz9c_5gimli
ab8a38b	ab8af17	_RNvMs2_NtCskLLYNqycIrM_5alloc7raw_vecNtB5_11RawVecInner10deallocateCsk0jeUoGqz9c_5gimli
ab8a3a7	ab8bb69	_RNvMs2_NtCskLLYNqycIrM_5alloc7raw_vecNtB5_11RawVecInner10deallocateCsfD1Gv4SB9fp_10imasm_core
ab8a3c1	ab8bb69	_RNvMs2_NtCskLLYNqycIrM_5alloc7raw_vecNtB5_11RawVecInner10deallocateCsfD1Gv4SB9fp_10imasm_core
ab8a3e0	ab5d645	_RNvNtCskLLYNqycIrM_5alloc7raw_vec12handle_error
ab8a3f9	ab5d74e	_RNvNtCskLLYNqycIrM_5alloc5alloc18handle_alloc_error
ab8a42d	ab8af17	_RNvMs2_NtCskLLYNqycIrM_5alloc7raw_vecNtB5_11RawVecInner10deallocateCsk0jeUoGqz9c_5gimli
ab8a45b	ab8af17	_RNvMs2_NtCskLLYNqycIrM_5alloc7raw_vecNtB5_11RawVecInner10deallocateCsk0jeUoGqz9c_5gimli
ab8a477	ab8bb69	_RNvMs2_NtCskLLYNqycIrM_5alloc7raw_vecNtB5_11RawVecInner10deallocateCsfD1Gv4SB9fp_10imasm_core
ab8a496	ab8bb69	_RNvMs2_NtCskLLYNqycIrM_5alloc7raw_vecNtB5_11RawVecInner10deallocateCsfD1Gv4SB9fp_10imasm_core
ab8a4c9	ab5d645	_RNvNtCskLLYNqycIrM_5alloc7raw_vec12handle_error
ab8a4e1	ab5dfe0	_RNvNtCsnruyAgQs18_4core9panicking9panic_fmt
ab8a515	ab8af17	_RNvMs2_NtCskLLYNqycIrM_5alloc7raw_vecNtB5_11RawVecInner10deallocateCsk0jeUoGqz9c_5gimli
ab8a543	ab8af17	_RNvMs2_NtCskLLYNqycIrM_5alloc7raw_vecNtB5_11RawVecInner10deallocateCsk0jeUoGqz9c_5gimli
ab8a55f	ab8bb69	_RNvMs2_NtCskLLYNqycIrM_5alloc7raw_vecNtB5_11RawVecInner10deallocateCsfD1Gv4SB9fp_10imasm_core
ab8a57e	ab8bb69	_RNvMs2_NtCskLLYNqycIrM_5alloc7raw_vecNtB5_11RawVecInner10deallocateCsfD1Gv4SB9fp_10imasm_core
ab8a5a9	ab5d74e	_RNvNtCskLLYNqycIrM_5alloc5alloc18handle_alloc_error
ab8a5b8	ab5d645	_RNvNtCskLLYNqycIrM_5alloc7raw_vec12handle_error
ab8a5c7	ab5d645	_RNvNtCskLLYNqycIrM_5alloc7raw_vec12handle_error
ab8a5e0	ab5d645	_RNvNtCskLLYNqycIrM_5alloc7raw_vec12handle_error
