21864a	push	r:rbp
21864b	push	r:r15
21864d	push	r:r14
21864f	push	r:r13
218651	push	r:r12
218653	push	r:rbx
218654	sub	r:rsp i:0x108
21865b	mov	r:rbx r:rsi
21865e	mov	r:rsi m:rdi::1:0x58:8
218662	cmp	r:rbx r:rsi
218665	jae	i:0x219222
21866b	mov	r:r14 r:rdi
21866e	mov	r:rdi m:rdi::1:0x50:8
218672	imul	r:r12 r:rbx i:0x38
218676	cmp	m:rdi:r12:1:0x30:1 i:0x0
21867c	jne	i:0x2191f5
218682	mov	r:r15 r:rcx
218685	mov	r:r13 r:rdx
218688	cmp	m:rsp::1:0x140:8 r:r9
218690	jne	i:0x2186e3
218692	mov	r:ecx i:0x8
218697	mov	r:rdx r:rbx
21869a	xor	r:r8d r:r8d
21869d	call	i:0x216555
2186a2	test	r:al r:al
2186a4	je	i:0x2191f5
2186aa	mov	r:rdi m:rsp::1:0x158:8
2186b2	mov	r:rbp m:rdi::1:0x0:8
2186b5	mov	r:rax r:rbp
2186b8	neg	r:rax
2186bb	jno	i:0x2187a1
2186c1	mov	r:r10 m:rdi::1:0x8:8
2186c5	cmp	r:r10 i:0x1
2186c9	jne	i:0x218d8a
2186cf	lea	r:rcx m:rdi::1:0x10:8
2186d3	mov	r:eax i:0x8
2186d8	mov	r:r9d i:0x1
2186de	jmp	i:0x2187bc
2186e3	mov	m:rsp::1:0x8:8 r:r8
2186e8	mov	m:rsp::1:0x10:8 r:r9
2186ed	mov	r:rcx m:rsp::1:0x150:8
2186f5	movabs	r:r8 i:-0x8000000000000000
2186ff	xor	r:eax r:eax
218701	cmp	r:rax m:rcx::1:0x0:8
218704	jno	i:0x21871e
218706	cmp	m:rcx::1:0x8:4 i:0x1
21870a	je	i:0x218725
21870c	lea	r:rdi m:rsp::1:0x50:8
218711	mov	r:rsi r:rcx
218714	mov	r:rbp r:r8
218717	call	i:0x23a2be
21871c	jmp	i:0x21874c
21871e	cmp	m:rcx::1:0x10:8 i:0x0
218723	je	i:0x21870c
218725	lea	r:rax m:r8::1:0x1:8
218729	lea	r:rsi m:rsp::1:0xb0:8
218731	mov	m:rsi::1:0x0:8 r:rax
218734	mov	m:rsi::1:0x8:8 r:rcx
218738	lea	r:rdi m:rsp::1:0x50:8
21873d	xor	r:edx r:edx
21873f	mov	r:ecx i:0x1
218744	mov	r:rbp r:r8
218747	call	i:0x23e749
21874c	mov	r:rdi m:rsp::1:0x158:8
218754	mov	r:r8 m:rdi::1:0x0:8
218757	cmp	r:r8 r:rbp
21875a	mov	r:r9 r:rbp
21875d	jne	i:0x218779
21875f	mov	r:rsi m:rdi::1:0x8:8
218763	cmp	r:rsi i:0x1
218767	jne	i:0x2187cb
218769	lea	r:rcx m:rdi::1:0x10:8
21876d	mov	r:eax i:0x8
218772	mov	r:edx i:0x1
218777	jmp	i:0x218790
218779	mov	r:rdx m:rdi::1:0x8:8
21877d	mov	r:rax m:rdi::1:0x10:8
218781	test	r:rax r:rax
218784	je	i:0x2187da
218786	shl	r:rax i:0x3
21878a	mov	r:rsi r:rdx
21878d	mov	r:rcx r:rdx
218790	mov	m:rsp::1:0x68:8 r:rdx
218795	mov	r:rcx m:rcx::1:0x0:8
218798	cmp	r:rax i:0x8
21879c	sete	r:al
21879f	jmp	i:0x2187e6
2187a1	mov	r:r9 m:rdi::1:0x8:8
2187a5	mov	r:rax m:rdi::1:0x10:8
2187a9	test	r:rax r:rax
2187ac	je	i:0x218d93
2187b2	shl	r:rax i:0x3
2187b6	mov	r:r10 r:r9
2187b9	mov	r:rcx r:r9
2187bc	mov	r:rcx m:rcx::1:0x0:8
2187bf	cmp	r:rax i:0x8
2187c3	sete	r:al
2187c6	jmp	i:0x218d9a
2187cb	mov	r:al i:0x1
2187cd	mov	m:rsp::1:0x68:8 i:0x0
2187d6	xor	r:ecx r:ecx
2187d8	jmp	i:0x2187e6
2187da	xor	r:ecx r:ecx
2187dc	mov	r:al i:0x1
2187de	mov	r:rsi r:rdx
2187e1	mov	m:rsp::1:0x68:8 r:rdx
2187e6	mov	r:rdx r:rcx
2187e9	shr	r:rdx i:0x20
2187ed	mov	m:rsp::1:0xa8:8 r:rsi
2187f5	mov	m:rsp::1:0x18:8 r:r8
2187fa	jne	i:0x218831
2187fc	test	r:al r:al
2187fe	je	i:0x218831
218800	test	r:rcx r:rcx
218803	je	i:0x21920a
218809	mov	r:rdi m:rsp::1:0x50:8
21880e	cmp	r:rdi r:r9
218811	jne	i:0x2188c4
218817	cmp	m:rsp::1:0x58:4 i:0x1
21881c	jne	i:0x2188e9
218822	mov	r:esi i:0x8
218827	lea	r:r8 m:rsp::1:0x60:8
21882c	jmp	i:0x2188d7
218831	mov	r:rbp r:r13
218834	mov	r:r13 r:r15
218837	lea	r:rax m:rsp::1:0x50:8
21883c	lea	r:rsi m:rsp::1:0xf0:8
218844	mov	m:rsi::1:0x8:8 r:rax
218848	lea	r:rax m:r9::1:0x1:8
21884c	mov	m:rsi::1:0x0:8 r:rax
21884f	lea	r:rdx m:rsp::1:0x90:8
218857	mov	m:rdx::1:0x8:8 r:rdi
21885b	mov	m:rdx::1:0x0:8 r:rax
21885e	lea	r:r15 m:rsp::1:0xb0:8
218866	mov	r:rdi r:r15
218869	call	i:0x23f997
21886e	movabs	r:r9 i:-0x8000000000000000
218878	movups	r:xmm0 m:r15::1:0x18:16
21887d	movaps	m:rsp::1:0x70:16 r:xmm0
218882	mov	r:rax m:r15::1:0x28:8
218886	mov	m:rsp::1:0x80:8 r:rax
21888e	mov	r:rdi m:r15::1:0x0:8
218891	cmp	r:rdi r:r9
218894	je	i:0x2188b7
218896	mov	r:rsi m:rsp::1:0xb8:8
21889e	mov	r:edx i:0x8
2188a3	mov	r:ecx i:0x8
2188a8	call	i:0x235804
2188ad	movabs	r:r9 i:-0x8000000000000000
2188b7	mov	r:rdi m:rsp::1:0x50:8
2188bc	mov	r:r15 r:r13
2188bf	mov	r:r13 r:rbp
2188c2	jmp	i:0x218905
2188c4	mov	r:rsi m:rsp::1:0x60:8
2188c9	test	r:rsi r:rsi
2188cc	je	i:0x2188e9
2188ce	mov	r:r8 m:rsp::1:0x58:8
2188d3	shl	r:rsi i:0x3
2188d7	xor	r:edx r:edx
2188d9	mov	r:rax m:r8:rsi:1:-0x8:8
2188de	div	r:rcx
2188e1	add	r:rsi i:-0x8
2188e5	jne	i:0x2188d9
2188e7	jmp	i:0x2188eb
2188e9	xor	r:edx r:edx
2188eb	xor	r:eax r:eax
2188ed	test	r:rdx r:rdx
2188f0	setne	r:al
2188f3	mov	m:rsp::1:0x70:8 r:r9
2188f8	mov	m:rsp::1:0x78:8 r:rax
2188fd	mov	m:rsp::1:0x80:8 r:rdx
218905	cmp	r:rdi r:r9
218908	je	i:0x218928
21890a	mov	r:rsi m:rsp::1:0x58:8
21890f	mov	r:edx i:0x8
218914	mov	r:ecx i:0x8
218919	call	i:0x235804
21891e	movabs	r:r9 i:-0x8000000000000000
218928	mov	r:rsi m:r14::1:0x58:8
21892c	cmp	r:rbx r:rsi
21892f	mov	r:r8 m:rsp::1:0x140:8
218937	mov	r:rax m:rsp::1:0x10:8
21893c	jae	i:0x219231
218942	cmp	r:r8 r:rax
218945	jae	i:0x21923a
21894b	mov	r:rcx m:r14::1:0x50:8
21894f	lea	r:rax m:rcx:r12:1:0x0:8
218953	mov	r:rdx m:rsp::1:0x8:8
218958	mov	r:rsi m:rdx:r8:8:0x0:8
21895c	mov	r:rbp r:rsi
21895f	shr	r:rbp i:0x6
218963	cmp	m:rcx:r12:1:0x0:8 r:r9
218967	jne	i:0x21897d
218969	cmp	m:rax::1:0x8:4 i:0x1
21896d	jne	i:0x2189d7
21896f	add	r:rax i:0x10
218973	mov	r:edx i:0x1
218978	mov	r:rcx r:rax
21897b	jmp	i:0x218985
21897d	mov	r:rcx m:rax::1:0x8:8
218981	mov	r:rdx m:rax::1:0x10:8
218985	cmp	r:rbp r:rdx
218988	jae	i:0x2189d7
21898a	mov	r:rax m:rcx:rbp:8:0x0:8
21898e	bt	r:rax r:rsi
218992	jae	i:0x2189d7
218994	inc	r:r8
218997	lea	r:rax m:rsp::1:0x70:8
21899c	mov	r:rdi r:r14
21899f	mov	r:rsi r:rbx
2189a2	mov	r:rdx r:r13
2189a5	mov	r:rcx r:r15
2189a8	mov	r:r10 r:r8
2189ab	mov	r:r8 m:rsp::1:0x8:8
2189b0	mov	r:r9 m:rsp::1:0x10:8
2189b5	push	m:rsp::1:0x158:8
2189bc	push	r:rax
2189bd	push	m:rsp::1:0x158:8
2189c4	push	r:r10
2189c6	call	i:0x21864a
2189cb	add	r:rsp i:0x20
2189cf	mov	r:rbx r:rax
2189d2	jmp	i:0x218d68
2189d7	mov	m:rsp::1:0x40:8 r:rsi
2189dc	mov	m:rsp::1:0x48:8 r:r15
2189e1	lea	r:r15 m:rsp::1:0x50:8
2189e6	mov	r:rdi r:r15
2189e9	mov	r:rsi m:rsp::1:0x148:8
2189f1	mov	r:rdx m:rsp::1:0x150:8
2189f9	call	i:0x219257
2189fe	movabs	r:r9 i:-0x8000000000000000
218a08	cmp	m:rsp::1:0x18:8 r:r9
218a0d	jne	i:0x218a29
218a0f	test	m:rsp::1:0x68:1 i:0x1
218a14	mov	r:rdi m:rsp::1:0x158:8
218a1c	je	i:0x218a52
218a1e	lea	r:rcx m:rdi::1:0x10:8
218a22	mov	r:eax i:0x8
218a27	jmp	i:0x218a46
218a29	mov	r:rdi m:rsp::1:0x158:8
218a31	mov	r:rax m:rdi::1:0x10:8
218a35	test	r:rax r:rax
218a38	je	i:0x218a52
218a3a	shl	r:rax i:0x3
218a3e	mov	r:rcx m:rsp::1:0xa8:8
218a46	mov	r:rcx m:rcx::1:0x0:8
218a49	cmp	r:rax i:0x8
218a4d	sete	r:al
218a50	jmp	i:0x218a56
218a52	mov	r:al i:0x1
218a54	xor	r:ecx r:ecx
218a56	mov	r:rdx r:rcx
218a59	shr	r:rdx i:0x20
218a5d	jne	i:0x218a94
218a5f	test	r:al r:al
218a61	je	i:0x218a94
218a63	test	r:rcx r:rcx
218a66	je	i:0x21920a
218a6c	mov	r:rdi m:rsp::1:0x50:8
218a71	cmp	r:rdi r:r9
218a74	jne	i:0x218b13
218a7a	cmp	m:rsp::1:0x58:4 i:0x1
218a7f	jne	i:0x218b38
218a85	mov	r:esi i:0x8
218a8a	lea	r:r8 m:rsp::1:0x60:8
218a8f	jmp	i:0x218b26
218a94	lea	r:rsi m:rsp::1:0xf0:8
218a9c	mov	m:rsi::1:0x8:8 r:r15
218aa0	lea	r:rax m:r9::1:0x1:8
218aa4	mov	m:rsi::1:0x0:8 r:rax
218aa7	lea	r:rdx m:rsp::1:0x90:8
218aaf	mov	m:rdx::1:0x8:8 r:rdi
218ab3	mov	m:rdx::1:0x0:8 r:rax
218ab6	lea	r:r15 m:rsp::1:0xb0:8
218abe	mov	r:rdi r:r15
218ac1	call	i:0x23f997
218ac6	movabs	r:r9 i:-0x8000000000000000
218ad0	movups	r:xmm0 m:r15::1:0x18:16
218ad5	movaps	m:rsp::1:0x20:16 r:xmm0
218ada	mov	r:rax m:r15::1:0x28:8
218ade	mov	m:rsp::1:0x30:8 r:rax
218ae3	mov	r:rdi m:r15::1:0x0:8
218ae6	cmp	r:rdi r:r9
218ae9	je	i:0x218b0c
218aeb	mov	r:rsi m:rsp::1:0xb8:8
218af3	mov	r:edx i:0x8
218af8	mov	r:ecx i:0x8
218afd	call	i:0x235804
218b02	movabs	r:r9 i:-0x8000000000000000
218b0c	mov	r:rdi m:rsp::1:0x50:8
218b11	jmp	i:0x218b51
218b13	mov	r:rsi m:rsp::1:0x60:8
218b18	test	r:rsi r:rsi
218b1b	je	i:0x218b38
218b1d	mov	r:r8 m:rsp::1:0x58:8
218b22	shl	r:rsi i:0x3
218b26	xor	r:edx r:edx
218b28	mov	r:rax m:r8:rsi:1:-0x8:8
218b2d	div	r:rcx
218b30	add	r:rsi i:-0x8
218b34	jne	i:0x218b28
218b36	jmp	i:0x218b3a
218b38	xor	r:edx r:edx
218b3a	xor	r:eax r:eax
218b3c	test	r:rdx r:rdx
218b3f	setne	r:al
218b42	mov	m:rsp::1:0x20:8 r:r9
218b47	mov	m:rsp::1:0x28:8 r:rax
218b4c	mov	m:rsp::1:0x30:8 r:rdx
218b51	cmp	r:rdi r:r9
218b54	je	i:0x218b74
218b56	mov	r:rsi m:rsp::1:0x58:8
218b5b	mov	r:edx i:0x8
218b60	mov	r:ecx i:0x8
218b65	call	i:0x235804
218b6a	movabs	r:r9 i:-0x8000000000000000
218b74	mov	r:rsi m:r14::1:0x58:8
218b78	cmp	r:rbx r:rsi
218b7b	jae	i:0x21924e
218b81	mov	m:rsp::1:0x18:8 r:r13
218b86	mov	r:rax m:r14::1:0x50:8
218b8a	add	r:rax r:r12
218b8d	add	r:rax i:0x18
218b91	cmp	m:rax::1:0x0:8 r:r9
218b94	jne	i:0x218baa
218b96	cmp	m:rax::1:0x8:4 i:0x1
218b9a	jne	i:0x218c0f
218b9c	add	r:rax i:0x10
218ba0	mov	r:edx i:0x1
218ba5	mov	r:rcx r:rax
218ba8	jmp	i:0x218bb2
218baa	mov	r:rcx m:rax::1:0x8:8
218bae	mov	r:rdx m:rax::1:0x10:8
218bb2	cmp	r:rbp r:rdx
218bb5	jae	i:0x218c0f
218bb7	mov	r:rax m:rcx:rbp:8:0x0:8
218bbb	mov	r:rcx m:rsp::1:0x40:8
218bc0	bt	r:rax r:rcx
218bc4	jae	i:0x218c0f
218bc6	mov	r:r10 m:rsp::1:0x140:8
218bce	inc	r:r10
218bd1	lea	r:rax m:rsp::1:0x70:8
218bd6	lea	r:r15 m:rsp::1:0x20:8
218bdb	mov	r:rdi r:r14
218bde	mov	r:rsi r:rbx
218be1	mov	r:rdx m:rsp::1:0x18:8
218be6	mov	r:rcx m:rsp::1:0x48:8
218beb	mov	r:r8 m:rsp::1:0x8:8
218bf0	mov	r:r9 m:rsp::1:0x10:8
218bf5	push	m:rsp::1:0x158:8
218bfc	push	r:rax
218bfd	push	r:r15
218bff	push	r:r10
218c01	call	i:0x21864a
218c06	add	r:rsp i:0x20
218c0a	jmp	i:0x218d3f
218c0f	movups	r:xmm0 m:rip::1:-0x2bb96:16
218c16	lea	r:r15 m:rsp::1:0xb0:8
218c1e	movaps	m:r15::1:0x10:16 r:xmm0
218c23	movups	r:xmm1 m:rip::1:-0x2bbba:16
218c2a	movaps	m:r15::1:0x0:16 r:xmm1
218c2e	movaps	m:r15::1:0x20:16 r:xmm1
218c33	movaps	m:r15::1:0x30:16 r:xmm0
218c38	mov	r:rdi r:r14
218c3b	mov	r:rsi r:r15
218c3e	call	i:0x2165e4
218c43	mov	r:rbp r:rax
218c46	mov	r:r13 m:rsp::1:0x40:8
218c4b	mov	m:r15::1:0x0:8 r:r13
218c4e	mov	m:r15::1:0x8:1 i:0x0
218c53	lea	r:r15 m:rsp::1:0xb0:8
218c5b	mov	r:r8d i:0x1
218c61	mov	r:rdi r:r14
218c64	mov	r:rsi r:rax
218c67	mov	r:rdx r:rbx
218c6a	mov	r:rcx r:r15
218c6d	call	i:0x216de3
218c72	mov	r:r12 r:rax
218c75	mov	m:r15::1:0x0:8 r:r13
218c78	mov	m:r15::1:0x8:1 i:0x1
218c7d	lea	r:rcx m:rsp::1:0xb0:8
218c85	mov	r:r8d i:0x1
218c8b	mov	r:rdi r:r14
218c8e	mov	r:rsi r:rbp
218c91	mov	r:rdx r:rbx
218c94	call	i:0x216de3
218c99	mov	m:rsp::1:0x40:8 r:rax
218c9e	mov	r:rbx r:r14
218ca1	mov	r:r14 m:rsp::1:0x140:8
218ca9	inc	r:r14
218cac	lea	r:r10 m:rsp::1:0x70:8
218cb1	mov	r:rdi r:rbx
218cb4	mov	r:rsi r:r12
218cb7	mov	r:rbp m:rsp::1:0x18:8
218cbc	mov	r:rdx r:rbp
218cbf	mov	r:r13 m:rsp::1:0x48:8
218cc4	mov	r:rcx r:r13
218cc7	mov	r:r15 m:rsp::1:0x8:8
218ccc	mov	r:r8 r:r15
218ccf	mov	r:r12 m:rsp::1:0x10:8
218cd4	mov	r:r9 r:r12
218cd7	mov	r:rax m:rsp::1:0x158:8
218cdf	push	r:rax
218ce0	push	r:r10
218ce2	push	m:rsp::1:0x158:8
218ce9	push	r:r14
218ceb	call	i:0x21864a
218cf0	add	r:rsp i:0x20
218cf4	mov	m:rsp::1:0x68:8 r:rax
218cf9	lea	r:rax m:rsp::1:0x20:8
218cfe	mov	r:rdi r:rbx
218d01	mov	r:rsi m:rsp::1:0x40:8
218d06	mov	r:rdx r:rbp
218d09	mov	r:rcx r:r13
218d0c	mov	r:r8 r:r15
218d0f	mov	r:r9 r:r12
218d12	push	m:rsp::1:0x158:8
218d19	lea	r:r10 m:rsp::1:0x78:8
218d1e	push	r:r10
218d20	push	r:rax
218d21	mov	r:r15 r:rax
218d24	push	r:r14
218d26	call	i:0x21864a
218d2b	add	r:rsp i:0x20
218d2f	mov	r:rdi r:rbx
218d32	mov	r:rsi m:rsp::1:0x68:8
218d37	mov	r:rdx r:rax
218d3a	call	i:0x21940b
218d3f	mov	r:rbx r:rax
218d42	mov	r:rdi m:r15::1:0x0:8
218d45	movabs	r:rax i:-0x8000000000000000
218d4f	cmp	r:rdi r:rax
218d52	je	i:0x218d72
218d54	mov	r:rsi m:rsp::1:0x28:8
218d59	mov	r:edx i:0x8
218d5e	mov	r:ecx i:0x8
218d63	call	i:0x235804
218d68	movabs	r:rax i:-0x8000000000000000
218d72	mov	r:rdi m:rsp::1:0x70:8
218d77	cmp	r:rdi r:rax
218d7a	je	i:0x2191f5
218d80	mov	r:rsi m:rsp::1:0x78:8
218d85	jmp	i:0x2191e6
218d8a	mov	r:al i:0x1
218d8c	xor	r:r9d r:r9d
218d8f	xor	r:ecx r:ecx
218d91	jmp	i:0x218d9a
218d93	xor	r:ecx r:ecx
218d95	mov	r:al i:0x1
218d97	mov	r:r10 r:r9
218d9a	movabs	r:r8 i:-0x8000000000000000
218da4	mov	r:rdx r:rcx
218da7	shr	r:rdx i:0x20
218dab	jne	i:0x218de3
218dad	test	r:al r:al
218daf	je	i:0x218de3
218db1	test	r:rcx r:rcx
218db4	je	i:0x21920a
218dba	mov	r:rdi m:rsp::1:0x148:8
218dc2	cmp	m:rdi::1:0x0:8 r:r8
218dc5	jne	i:0x218e89
218dcb	cmp	m:rdi::1:0x8:4 i:0x1
218dcf	jne	i:0x2191f5
218dd5	add	r:rdi i:0x10
218dd9	mov	r:esi i:0x8
218dde	jmp	i:0x218e9e
218de3	mov	m:rsp::1:0x8:8 r:r10
218de8	mov	m:rsp::1:0x10:8 r:r9
218ded	lea	r:rsi m:rsp::1:0xf0:8
218df5	mov	r:rax m:rsp::1:0x148:8
218dfd	mov	m:rsi::1:0x8:8 r:rax
218e01	lea	r:rax m:r8::1:0x1:8
218e05	mov	m:rsi::1:0x0:8 r:rax
218e08	lea	r:rdx m:rsp::1:0x90:8
218e10	mov	m:rdx::1:0x8:8 r:rdi
218e14	mov	m:rdx::1:0x0:8 r:rax
218e17	lea	r:r12 m:rsp::1:0xb0:8
218e1f	mov	r:rdi r:r12
218e22	call	i:0x23f997
218e27	movups	r:xmm0 m:r12::1:0x18:16
218e2d	movaps	m:rsp::1:0x20:16 r:xmm0
218e32	mov	r:rax m:r12::1:0x28:8
218e37	mov	m:rsp::1:0x30:8 r:rax
218e3c	mov	r:rdi m:r12::1:0x0:8
218e40	movabs	r:r12 i:-0x8000000000000000
218e4a	cmp	r:rdi r:r12
218e4d	je	i:0x218e66
218e4f	mov	r:rsi m:rsp::1:0xb8:8
218e57	mov	r:edx i:0x8
218e5c	mov	r:ecx i:0x8
218e61	call	i:0x235804
218e66	mov	r:rdi m:rsp::1:0x20:8
218e6b	cmp	r:rdi r:r12
218e6e	jne	i:0x218e7c
218e70	cmp	m:rsp::1:0x28:1 i:0x0
218e75	jne	i:0x218ed5
218e77	jmp	i:0x2191f5
218e7c	cmp	m:rsp::1:0x30:8 i:0x0
218e82	jne	i:0x218ed5
218e84	jmp	i:0x2191e1
218e89	mov	r:rsi m:rdi::1:0x10:8
218e8d	test	r:rsi r:rsi
218e90	je	i:0x2191f5
218e96	mov	r:rdi m:rdi::1:0x8:8
218e9a	shl	r:rsi i:0x3
218e9e	mov	m:rsp::1:0x8:8 r:r10
218ea3	mov	m:rsp::1:0x10:8 r:r9
218ea8	xor	r:edx r:edx
218eaa	mov	r:rax m:rdi:rsi:1:-0x8:8
218eaf	div	r:rcx
218eb2	add	r:rsi i:-0x8
218eb6	jne	i:0x218eaa
218eb8	xor	r:eax r:eax
218eba	test	r:rdx r:rdx
218ebd	setne	r:al
218ec0	mov	m:rsp::1:0x20:8 r:r8
218ec5	mov	m:rsp::1:0x28:8 r:rax
218eca	mov	m:rsp::1:0x30:8 r:rdx
218ecf	je	i:0x2191f5
218ed5	movups	r:xmm0 m:rip::1:-0x2be5c:16
218edc	lea	r:rsi m:rsp::1:0xb0:8
218ee4	movaps	m:rsi::1:0x10:16 r:xmm0
218ee8	movups	r:xmm1 m:rip::1:-0x2be7f:16
218eef	movaps	m:rsi::1:0x0:16 r:xmm1
218ef2	movaps	m:rsi::1:0x20:16 r:xmm1
218ef6	movaps	m:rsi::1:0x30:16 r:xmm0
218efa	mov	r:rdi r:r14
218efd	call	i:0x2165e4
218f02	mov	r:ecx i:0x8
218f07	mov	r:rdi r:r14
218f0a	mov	r:rsi r:rax
218f0d	mov	r:rdx r:rbx
218f10	xor	r:r8d r:r8d
218f13	call	i:0x216de3
218f18	mov	r:rdi r:r14
218f1b	mov	r:rsi r:rax
218f1e	mov	m:rsp::1:0x18:8 r:r13
218f23	mov	r:rdx r:r13
218f26	mov	r:rcx r:r15
218f29	mov	r:r12 m:rsp::1:0x158:8
218f31	mov	r:r8 r:r12
218f34	call	i:0x21a534
218f39	mov	r:r13 m:r12::1:0x10:8
218f3e	movabs	r:rcx i:-0x8000000000000000
218f48	cmp	r:rbp r:rcx
218f4b	mov	m:rsp::1:0x40:8 r:rdx
218f50	mov	m:rsp::1:0x48:8 r:rax
218f55	jne	i:0x218f67
218f57	mov	r:r12 r:r15
218f5a	mov	r:r15 r:rcx
218f5d	mov	r:rcx m:rsp::1:0x10:8
218f62	jmp	i:0x21900f
218f67	test	r:r13 r:r13
218f6a	je	i:0x218f8d
218f6c	cmp	r:r13 i:0x1
218f70	jne	i:0x218f9b
218f72	mov	r:rdx r:rcx
218f75	mov	r:r12 r:r15
218f78	mov	r:rax m:rsp::1:0x8:8
218f7d	mov	r:r13 m:rax::1:0x0:8
218f80	mov	r:ecx i:0x1
218f85	mov	r:r15 r:rdx
218f88	jmp	i:0x21900f
218f8d	mov	r:rax r:rcx
218f90	mov	r:r12 r:r15
218f93	mov	r:rcx r:r13
218f96	mov	r:r15 r:rax
218f99	jmp	i:0x21900f
218f9b	lea	r:rbp m::r13:8:0x0:8
218fa3	mov	r:rsi r:r13
218fa6	shr	r:rsi i:0x3d
218faa	setne	r:sil
218fae	add	r:rcx i:-0x8
218fb2	cmp	r:rbp r:rcx
218fb5	seta	r:cl
218fb8	or	r:cl r:sil
218fbb	je	i:0x218fcb
218fbd	xor	r:r15d r:r15d
218fc0	mov	r:rdi r:r15
218fc3	mov	r:rsi r:rbp
218fc6	call	i:0x20c505
218fcb	mov	r:r12 r:r15
218fce	test	r:rbp r:rbp
218fd1	je	i:0x218ff3
218fd3	mov	r:r15d i:0x8
218fd9	mov	r:esi i:0x8
218fde	mov	r:rdi r:rbp
218fe1	call	i:0x213510
218fe6	test	r:rax r:rax
218fe9	je	i:0x218fc0
218feb	mov	r:rdi r:rax
218fee	mov	r:r15 r:r13
218ff1	jmp	i:0x218ffb
218ff3	mov	r:edi i:0x8
218ff8	xor	r:r15d r:r15d
218ffb	mov	r:rsi m:rsp::1:0x8:8
219000	mov	r:rdx r:rbp
219003	mov	r:rbp r:rdi
219006	call	m:rip::1:0x6b6ac:8
21900c	mov	r:rcx r:rbp
21900f	lea	r:rbp m:rsp::1:0xb0:8
219017	mov	m:rbp::1:0x0:8 r:r15
21901b	mov	m:rbp::1:0x8:8 r:rcx
21901f	mov	m:rbp::1:0x10:8 r:r13
219023	lea	r:rsi m:rsp::1:0x20:8
219028	mov	r:rdi r:rbp
21902b	call	i:0x23f539
219030	mov	r:rax m:rbp::1:0x10:8
219034	lea	r:r13 m:rsp::1:0x50:8
219039	mov	m:r13::1:0x10:8 r:rax
21903d	movups	r:xmm0 m:rbp::1:0x0:16
219041	movaps	m:r13::1:0x0:16 r:xmm0
219046	mov	r:rdi r:r14
219049	mov	r:rsi m:rsp::1:0x48:8
21904e	mov	r:r15 m:rsp::1:0x18:8
219053	mov	r:rdx r:r15
219056	mov	r:rcx r:r12
219059	mov	r:r8 r:r13
21905c	call	i:0x21a534
219061	mov	m:rsp::1:0x8:8 r:rdx
219066	sub	r:rsp i:0x8
21906a	mov	r:r9d i:0x8
219070	mov	r:rdi r:r14
219073	mov	r:rsi r:rax
219076	mov	r:rdx r:r15
219079	mov	r:rcx r:r12
21907c	lea	r:r8 m:rsp::1:0x28:8
219081	push	i:0x0
219083	call	i:0x216f18
219088	add	r:rsp i:0x10
21908c	mov	m:rsp::1:0x10:8 r:rax
219091	mov	r:eax r:r12d
219094	and	r:al i:0x3f
219096	mov	m:rsp::1:0x48:8 r:r12
21909b	mov	r:rdx r:r12
21909e	shr	r:rdx i:0x6
2190a2	movabs	r:r12 i:-0x8000000000000000
2190ac	mov	m:rbp::1:0x0:8 r:r12
2190b0	mov	r:ecx i:0x1
2190b5	mov	m:rbp::1:0x8:8 r:rcx
2190b9	mov	m:rbp::1:0x10:8 r:rcx
2190bd	movzx	r:ecx r:al
2190c0	lea	r:rbp m:rsp::1:0xf0:8
2190c8	lea	r:r15 m:rsp::1:0xb0:8
2190d0	mov	r:rdi r:rbp
2190d3	mov	r:rsi r:r15
2190d6	call	i:0x23e749
2190db	mov	r:rax m:r13::1:0x10:8
2190df	mov	m:r15::1:0x10:8 r:rax
2190e3	movaps	r:xmm0 m:r13::1:0x0:16
2190e8	movaps	m:r15::1:0x0:16 r:xmm0
2190ec	lea	r:r15 m:rsp::1:0xb0:8
2190f4	mov	r:rdi r:rbp
2190f7	mov	r:rsi r:r15
2190fa	call	i:0x23f539
2190ff	mov	r:rax m:rbp::1:0x10:8
219103	mov	m:rsp::1:0xa0:8 r:rax
21910b	movups	r:xmm0 m:rbp::1:0x0:16
21910f	movaps	m:rsp::1:0x90:16 r:xmm0
219117	mov	r:rdi m:r15::1:0x0:8
21911a	cmp	r:rdi r:r12
21911d	je	i:0x219136
21911f	mov	r:rsi m:rsp::1:0xb8:8
219127	mov	r:edx i:0x8
21912c	mov	r:ecx i:0x8
219131	call	i:0x235804
219136	sub	r:rsp i:0x8
21913a	lea	r:r15 m:rsp::1:0x98:8
219142	mov	r:r9d i:0x8
219148	mov	r:rdi r:r14
21914b	mov	r:rsi m:rsp::1:0x10:8
219150	mov	r:rdx m:rsp::1:0x20:8
219155	mov	r:rcx m:rsp::1:0x50:8
21915a	mov	r:r8 r:r15
21915d	push	i:0x0
21915f	call	i:0x216f18
219164	add	r:rsp i:0x10
219168	mov	r:r12 r:rax
21916b	mov	r:rdi m:r15::1:0x0:8
21916e	movabs	r:rax i:-0x8000000000000000
219178	cmp	r:rdi r:rax
21917b	je	i:0x219194
21917d	mov	r:rsi m:rsp::1:0x98:8
219185	mov	r:edx i:0x8
21918a	mov	r:ecx i:0x8
21918f	call	i:0x235804
219194	mov	r:rdi r:r14
219197	mov	r:rsi m:rsp::1:0x10:8
21919c	mov	r:rdx r:r12
21919f	call	i:0x21940b
2191a4	mov	r:rdi r:r14
2191a7	mov	r:rsi r:rax
2191aa	mov	r:rdx m:rsp::1:0x40:8
2191af	call	i:0x21940b
2191b4	mov	r:ecx i:0x8
2191b9	mov	r:rdi r:r14
2191bc	mov	r:rsi r:rbx
2191bf	mov	r:rdx r:rax
2191c2	xor	r:r8d r:r8d
2191c5	call	i:0x216de3
2191ca	mov	r:rbx r:rax
2191cd	mov	r:rdi m:rsp::1:0x20:8
2191d2	movabs	r:rax i:-0x8000000000000000
2191dc	cmp	r:rdi r:rax
2191df	je	i:0x2191f5
2191e1	mov	r:rsi m:rsp::1:0x28:8
2191e6	mov	r:edx i:0x8
2191eb	mov	r:ecx i:0x8
2191f0	call	i:0x235804
2191f5	mov	r:rax r:rbx
2191f8	add	r:rsp i:0x108
2191ff	pop	r:rbx
219200	pop	r:r12
219202	pop	r:r13
219204	pop	r:r14
219206	pop	r:r15
219208	pop	r:rbp
219209	ret	
21920a	lea	r:rdi m:rip::1:-0x293ac:8
219211	lea	r:rdx m:rip::1:0x6b1c0:8
219218	mov	r:esi i:0x33
21921d	call	i:0x20cea0
219222	lea	r:rdx m:rip::1:0x6910f:8
219229	mov	r:rdi r:rbx
21922c	call	i:0x20da8d
219231	lea	r:rdx m:rip::1:0x69118:8
219238	jmp	i:0x219229
21923a	lea	r:rdx m:rip::1:0x69127:8
219241	mov	r:rdi r:r8
219244	mov	r:rsi m:rsp::1:0x10:8
219249	call	i:0x20da8d
21924e	lea	r:rdx m:rip::1:0x6912b:8
219255	jmp	i:0x219229
