e0770	sub	r:rsp i:0xff8
e0777	mov	r:rax r:rcx
e077a	mov	r:rcx r:rdx
e077d	mov	m:rsp::1:0x78:8 r:rcx
e0782	mov	m:rsp::1:0x80:8 r:rsi
e078a	mov	m:rsp::1:0x88:8 r:rdi
e0792	mov	m:rsp::1:0x90:8 r:rdi
e079a	mov	m:rsp::1:0x98:8 r:rax
e07a2	mov	m:rsp::1:0xfd8:8 r:rsi
e07aa	mov	m:rsp::1:0xfe0:8 r:rcx
e07b2	lea	r:rdi m:rsp::1:0xc0:8
e07ba	xor	r:eax r:eax
e07bc	mov	r:esi r:eax
e07be	mov	r:edx i:0x4
e07c3	call	m:rip::1:0xeb26f:8
e07c9	lea	r:rdi m:rsp::1:0xa0:8
e07d1	lea	r:rsi m:rsp::1:0xc0:8
e07d9	call	m:rip::1:0xeaee9:8
e07df	lea	r:rdi m:rsp::1:0xd8:8
e07e7	call	i:0xf0aa0
e07ec	lea	r:rdi m:rsp::1:0xa0:8
e07f4	lea	r:rsi m:rsp::1:0xd8:8
e07fc	call	m:rip::1:0xeb23e:8
e0802	test	r:al i:0x1
e0804	jne	i:0xe0835
e0806	lea	r:rdi m:rsp::1:0xd8:8
e080e	call	m:rip::1:0xe95dc:8
e0814	xor	r:eax r:eax
e0816	mov	r:edi r:eax
e0818	mov	r:esi i:0x4
e081d	call	m:rip::1:0xe9285:8
e0823	mov	m:rsp::1:0x110:8 r:rax
e082b	mov	m:rsp::1:0x118:8 r:rdx
e0833	jmp	i:0xe08a2
e0835	lea	r:rdi m:rsp::1:0xd8:8
e083d	call	m:rip::1:0xe95ad:8
e0843	lea	r:rdi m:rsp::1:0xf8:8
e084b	lea	r:rsi m:rip::1:-0xab8cc:8
e0852	mov	r:edx i:0x1b
e0857	lea	r:rcx m:rip::1:0xe0952:8
e085e	call	m:rip::1:0xe9324:8
e0864	mov	r:rax m:rsp::1:0x88:8
e086c	mov	r:rcx m:rsp::1:0xf8:8
e0874	mov	m:rax::1:0x8:8 r:rcx
e0878	mov	r:rcx m:rsp::1:0x100:8
e0880	mov	m:rax::1:0x10:8 r:rcx
e0884	mov	r:rcx m:rsp::1:0x108:8
e088c	mov	m:rax::1:0x18:8 r:rcx
e0890	movabs	r:rcx i:-0x7fffffffffffffff
e089a	mov	m:rax::1:0x0:8 r:rcx
e089d	jmp	i:0xe0d1f
e08a2	lea	r:rdi m:rsp::1:0x110:8
e08aa	call	m:rip::1:0xe9200:8
e08b0	mov	m:rsp::1:0x120:8 r:rax
e08b8	mov	m:rsp::1:0x128:8 r:rdx
e08c0	test	m:rsp::1:0x120:8 i:0x1
e08cc	je	i:0xe08fe
e08ce	mov	r:rax m:rsp::1:0x128:8
e08d6	mov	m:rsp::1:0x68:8 r:rax
e08db	mov	m:rsp::1:0xfe8:8 r:rax
e08e3	mov	r:ecx i:0x5
e08e8	mul	r:rcx
e08eb	mov	m:rsp::1:0x70:8 r:rax
e08f0	seto	r:al
e08f3	jo	i:0xe0d3c
e08f9	jmp	i:0xe0d2f
e08fe	mov	r:rsi m:rsp::1:0x80:8
e0906	add	r:rsi i:0x1000
e090d	lea	r:rdi m:rsp::1:0x1e0:8
e0915	call	m:rip::1:0xe9a0d:8
e091b	lea	r:rdi m:rsp::1:0x1c0:8
e0923	lea	r:rsi m:rsp::1:0x1e0:8
e092b	mov	r:edx i:0x2
e0930	call	m:rip::1:0xeb0ba:8
e0936	lea	r:rdi m:rsp::1:0x1e0:8
e093e	call	m:rip::1:0xe94ac:8
e0944	lea	r:rdi m:rsp::1:0x220:8
e094c	mov	r:esi i:0x1
e0951	call	i:0xf06c0
e0956	mov	r:rax m:rsp::1:0x80:8
e095e	mov	r:rdx m:rax::1:0x1008:8
e0965	shr	r:rdx i:0x1
e0968	lea	r:rdi m:rsp::1:0x240:8
e0970	lea	r:rsi m:rsp::1:0xa0:8
e0978	call	i:0xf14c0
e097d	lea	r:rdi m:rsp::1:0x200:8
e0985	lea	r:rsi m:rsp::1:0x220:8
e098d	lea	r:rdx m:rsp::1:0x240:8
e0995	call	m:rip::1:0xeac05:8
e099b	lea	r:rdi m:rsp::1:0x260:8
e09a3	lea	r:rsi m:rsp::1:0x1c0:8
e09ab	mov	r:edx i:0x4
e09b0	call	i:0xf11f0
e09b5	mov	r:rax m:rsp::1:0x80:8
e09bd	mov	m:rsp::1:0x680:8 r:rax
e09c5	lea	r:rax m:rsp::1:0x98:8
e09cd	mov	m:rsp::1:0x688:8 r:rax
e09d5	lea	r:rax m:rsp::1:0xa0:8
e09dd	mov	m:rsp::1:0x690:8 r:rax
e09e5	lea	r:rax m:rsp::1:0x260:8
e09ed	mov	m:rsp::1:0x698:8 r:rax
e09f5	lea	r:rdi m:rsp::1:0x280:8
e09fd	lea	r:rsi m:rsp::1:0x680:8
e0a05	call	m:rip::1:0xeb03d:8
e0a0b	lea	r:rdi m:rsp::1:0x280:8
e0a13	mov	r:esi i:0x10
e0a18	call	m:rip::1:0xe98f2:8
e0a1e	mov	r:rcx m:rsp::1:0x78:8
e0a23	mov	r:rsi r:rax
e0a26	lea	r:rdi m:rsp::1:0x710:8
e0a2e	call	m:rip::1:0xeb01c:8
e0a34	lea	r:rdi m:rsp::1:0x6e0:8
e0a3c	lea	r:rsi m:rsp::1:0x710:8
e0a44	call	m:rip::1:0xeb00e:8
e0a4a	lea	r:rdi m:rsp::1:0x6c0:8
e0a52	lea	r:rsi m:rsp::1:0x6e0:8
e0a5a	call	m:rip::1:0xeaf58:8
e0a60	movabs	r:rdx i:-0x7fffffffffffffff
e0a6a	mov	r:eax i:0x1
e0a6f	xor	r:ecx r:ecx
e0a71	cmp	m:rsp::1:0x6c0:8 r:rdx
e0a79	cmove	r:rax r:rcx
e0a7d	test	r:rax i:0x1
e0a83	jne	i:0xe0a92
e0a85	lea	r:rdi m:rip::1:0xe05a4:8
e0a8c	call	m:rip::1:0xe8f1e:8
e0a92	mov	r:rax m:rsp::1:0x6c0:8
e0a9a	mov	m:rsp::1:0x6a0:8 r:rax
e0aa2	mov	r:rax m:rsp::1:0x6c8:8
e0aaa	mov	m:rsp::1:0x6a8:8 r:rax
e0ab2	mov	r:rax m:rsp::1:0x6d0:8
e0aba	mov	m:rsp::1:0x6b0:8 r:rax
e0ac2	mov	r:rax m:rsp::1:0x6d8:8
e0aca	mov	m:rsp::1:0x6b8:8 r:rax
e0ad2	lea	r:rdi m:rsp::1:0x6a0:8
e0ada	lea	r:rsi m:rsp::1:0x200:8
e0ae2	call	m:rip::1:0xeaf78:8
e0ae8	test	r:al i:0x1
e0aea	jne	i:0xe0c6d
e0af0	lea	r:rdi m:rsp::1:0xb98:8
e0af8	lea	r:rsi m:rsp::1:0x280:8
e0b00	mov	r:edx i:0x400
e0b05	call	i:0x1bb670
e0b0a	mov	r:rax m:rsp::1:0x6a0:8
e0b12	mov	m:rsp::1:0xf98:8 r:rax
e0b1a	mov	r:rax m:rsp::1:0x6a8:8
e0b22	mov	m:rsp::1:0xfa0:8 r:rax
e0b2a	mov	r:rax m:rsp::1:0x6b0:8
e0b32	mov	m:rsp::1:0xfa8:8 r:rax
e0b3a	mov	r:rax m:rsp::1:0x6b8:8
e0b42	mov	m:rsp::1:0xfb0:8 r:rax
e0b4a	mov	r:rax m:rsp::1:0x200:8
e0b52	mov	m:rsp::1:0xfb8:8 r:rax
e0b5a	mov	r:rax m:rsp::1:0x208:8
e0b62	mov	m:rsp::1:0xfc0:8 r:rax
e0b6a	mov	r:rax m:rsp::1:0x210:8
e0b72	mov	m:rsp::1:0xfc8:8 r:rax
e0b7a	mov	r:rax m:rsp::1:0x218:8
e0b82	mov	m:rsp::1:0xfd0:8 r:rax
e0b8a	lea	r:rdi m:rsp::1:0x758:8
e0b92	lea	r:rsi m:rsp::1:0xb98:8
e0b9a	mov	r:edx i:0x400
e0b9f	call	i:0x1bb670
e0ba4	mov	r:rdi m:rsp::1:0x88:8
e0bac	mov	r:rax m:rsp::1:0xf98:8
e0bb4	mov	m:rsp::1:0xb58:8 r:rax
e0bbc	mov	r:rax m:rsp::1:0xfa0:8
e0bc4	mov	m:rsp::1:0xb60:8 r:rax
e0bcc	mov	r:rax m:rsp::1:0xfa8:8
e0bd4	mov	m:rsp::1:0xb68:8 r:rax
e0bdc	mov	r:rax m:rsp::1:0xfb0:8
e0be4	mov	m:rsp::1:0xb70:8 r:rax
e0bec	mov	r:rax m:rsp::1:0xfb8:8
e0bf4	mov	m:rsp::1:0xb78:8 r:rax
e0bfc	mov	r:rax m:rsp::1:0xfc0:8
e0c04	mov	m:rsp::1:0xb80:8 r:rax
e0c0c	mov	r:rax m:rsp::1:0xfc8:8
e0c14	mov	m:rsp::1:0xb88:8 r:rax
e0c1c	mov	r:rax m:rsp::1:0xfd0:8
e0c24	mov	m:rsp::1:0xb90:8 r:rax
e0c2c	lea	r:rsi m:rsp::1:0x758:8
e0c34	mov	r:edx i:0x440
e0c39	call	i:0x1bb670
e0c3e	lea	r:rdi m:rsp::1:0x260:8
e0c46	call	m:rip::1:0xe91a4:8
e0c4c	lea	r:rdi m:rsp::1:0x1c0:8
e0c54	call	m:rip::1:0xe9196:8
e0c5a	lea	r:rdi m:rsp::1:0xa0:8
e0c62	call	m:rip::1:0xe9188:8
e0c68	jmp	i:0xe0d0f
e0c6d	lea	r:rdi m:rsp::1:0x740:8
e0c75	lea	r:rsi m:rip::1:-0xabd6a:8
e0c7c	mov	r:edx i:0x3a
e0c81	lea	r:rcx m:rip::1:0xe03c0:8
e0c88	call	m:rip::1:0xe8efa:8
e0c8e	mov	r:rax m:rsp::1:0x88:8
e0c96	mov	r:rcx m:rsp::1:0x740:8
e0c9e	mov	m:rax::1:0x8:8 r:rcx
e0ca2	mov	r:rcx m:rsp::1:0x748:8
e0caa	mov	m:rax::1:0x10:8 r:rcx
e0cae	mov	r:rcx m:rsp::1:0x750:8
e0cb6	mov	m:rax::1:0x18:8 r:rcx
e0cba	movabs	r:rcx i:-0x7fffffffffffffff
e0cc4	mov	m:rax::1:0x0:8 r:rcx
e0cc7	lea	r:rdi m:rsp::1:0x6a0:8
e0ccf	call	m:rip::1:0xe911b:8
e0cd5	lea	r:rdi m:rsp::1:0x280:8
e0cdd	call	m:rip::1:0xe963d:8
e0ce3	lea	r:rdi m:rsp::1:0x260:8
e0ceb	call	m:rip::1:0xe90ff:8
e0cf1	lea	r:rdi m:rsp::1:0x200:8
e0cf9	call	m:rip::1:0xe90f1:8
e0cff	lea	r:rdi m:rsp::1:0x1c0:8
e0d07	call	m:rip::1:0xe90e3:8
e0d0d	jmp	i:0xe0d1f
e0d0f	mov	r:rax m:rsp::1:0x90:8
e0d17	add	r:rsp i:0xff8
e0d1e	ret	
e0d1f	lea	r:rdi m:rsp::1:0xa0:8
e0d27	call	m:rip::1:0xe90c3:8
e0d2d	jmp	i:0xe0d0f
e0d2f	mov	r:rax m:rsp::1:0x70:8
e0d34	cmp	r:rax i:0x10
e0d38	jb	i:0xe0d49
e0d3a	jmp	i:0xe0d69
e0d3c	lea	r:rdi m:rip::1:0xe031d:8
e0d43	call	m:rip::1:0xe8bff:8
e0d49	mov	r:rdi m:rsp::1:0x78:8
e0d4e	mov	r:rax m:rsp::1:0x70:8
e0d53	shl	r:rax i:0x6
e0d57	add	r:rdi r:rax
e0d5a	add	r:rdi i:0x20
e0d5e	call	i:0xf0ad0
e0d63	test	r:al i:0x1
e0d65	jne	i:0xe0ddf
e0d67	jmp	i:0xe0d80
e0d69	mov	r:rdi m:rsp::1:0x70:8
e0d6e	mov	r:esi i:0x10
e0d73	lea	r:rdx m:rip::1:0xe02fe:8
e0d7a	call	m:rip::1:0xe8c40:8
e0d80	lea	r:rdi m:rsp::1:0x150:8
e0d88	lea	r:rsi m:rip::1:-0xabe26:8
e0d8f	mov	r:edx i:0x1d
e0d94	lea	r:rcx m:rip::1:0xe03fd:8
e0d9b	call	m:rip::1:0xe8de7:8
e0da1	mov	r:rax m:rsp::1:0x88:8
e0da9	mov	r:rcx m:rsp::1:0x150:8
e0db1	mov	m:rax::1:0x8:8 r:rcx
e0db5	mov	r:rcx m:rsp::1:0x158:8
e0dbd	mov	m:rax::1:0x10:8 r:rcx
e0dc1	mov	r:rcx m:rsp::1:0x160:8
e0dc9	mov	m:rax::1:0x18:8 r:rcx
e0dcd	movabs	r:rcx i:-0x7fffffffffffffff
e0dd7	mov	m:rax::1:0x0:8 r:rcx
e0dda	jmp	i:0xe0d1f
e0ddf	mov	r:rax m:rsp::1:0x68:8
e0de4	mov	r:ecx i:0x5
e0de9	mul	r:rcx
e0dec	mov	m:rsp::1:0x60:8 r:rax
e0df1	seto	r:al
e0df4	jo	i:0xe0e03
e0df6	mov	r:rax m:rsp::1:0x60:8
e0dfb	cmp	r:rax i:0x10
e0dff	jb	i:0xe0e10
e0e01	jmp	i:0xe0e4c
e0e03	lea	r:rdi m:rip::1:0xe0286:8
e0e0a	call	m:rip::1:0xe8b38:8
e0e10	mov	r:rax m:rsp::1:0x78:8
e0e15	mov	r:rcx m:rsp::1:0x60:8
e0e1a	shl	r:rcx i:0x6
e0e1e	add	r:rax r:rcx
e0e21	mov	m:rsp::1:0x58:8 r:rax
e0e26	lea	r:rdi m:rsp::1:0x130:8
e0e2e	call	i:0xf0aa0
e0e33	mov	r:rdi m:rsp::1:0x58:8
e0e38	lea	r:rsi m:rsp::1:0x130:8
e0e40	call	m:rip::1:0xeabfa:8
e0e46	test	r:al i:0x1
e0e48	jne	i:0xe0e92
e0e4a	jmp	i:0xe0e63
e0e4c	mov	r:rdi m:rsp::1:0x60:8
e0e51	mov	r:esi i:0x10
e0e56	lea	r:rdx m:rip::1:0xe024b:8
e0e5d	call	m:rip::1:0xe8b5d:8
e0e63	lea	r:rdi m:rsp::1:0x130:8
e0e6b	call	m:rip::1:0xe8f7f:8
e0e71	mov	r:rsi m:rsp::1:0x68:8
e0e76	xor	r:eax r:eax
e0e78	mov	r:edi r:eax
e0e7a	call	m:rip::1:0xe8c28:8
e0e80	mov	m:rsp::1:0x168:8 r:rax
e0e88	mov	m:rsp::1:0x170:8 r:rdx
e0e90	jmp	i:0xe0ea5
e0e92	lea	r:rdi m:rsp::1:0x130:8
e0e9a	call	m:rip::1:0xe8f50:8
e0ea0	jmp	i:0xe0d80
e0ea5	lea	r:rdi m:rsp::1:0x168:8
e0ead	call	m:rip::1:0xe8bfd:8
e0eb3	mov	m:rsp::1:0x178:8 r:rax
e0ebb	mov	m:rsp::1:0x180:8 r:rdx
e0ec3	test	m:rsp::1:0x178:8 i:0x1
e0ecf	je	i:0xe08a2
e0ed5	mov	r:rax m:rsp::1:0x68:8
e0eda	mov	r:rcx m:rsp::1:0x180:8
e0ee2	mov	m:rsp::1:0x48:8 r:rcx
e0ee7	mov	m:rsp::1:0xff0:8 r:rcx
e0eef	mov	r:ecx i:0x4
e0ef4	mul	r:rcx
e0ef7	mov	m:rsp::1:0x50:8 r:rax
e0efc	seto	r:al
e0eff	jo	i:0xe0f1d
e0f01	mov	r:rcx m:rsp::1:0x50:8
e0f06	mov	r:rdx m:rsp::1:0x48:8
e0f0b	mov	r:rax r:rcx
e0f0e	add	r:rax r:rdx
e0f11	mov	m:rsp::1:0x40:8 r:rax
e0f16	cmp	r:rax r:rcx
e0f19	jb	i:0xe0f37
e0f1b	jmp	i:0xe0f2a
e0f1d	lea	r:rdi m:rip::1:0xe019c:8
e0f24	call	m:rip::1:0xe8a1e:8
e0f2a	mov	r:rax m:rsp::1:0x40:8
e0f2f	cmp	r:rax i:0x10
e0f33	jb	i:0xe0f44
e0f35	jmp	i:0xe0f73
e0f37	lea	r:rdi m:rip::1:0xe0182:8
e0f3e	call	m:rip::1:0xe89ec:8
e0f44	mov	r:rax m:rsp::1:0x48:8
e0f49	mov	r:rcx m:rsp::1:0x78:8
e0f4e	mov	r:rdx m:rsp::1:0x40:8
e0f53	shl	r:rdx i:0x6
e0f57	add	r:rcx r:rdx
e0f5a	mov	m:rsp::1:0x30:8 r:rcx
e0f5f	mov	r:ecx i:0x4
e0f64	mul	r:rcx
e0f67	mov	m:rsp::1:0x38:8 r:rax
e0f6c	seto	r:al
e0f6f	jo	i:0xe0fa6
e0f71	jmp	i:0xe0f8a
e0f73	mov	r:rdi m:rsp::1:0x40:8
e0f78	mov	r:esi i:0x10
e0f7d	lea	r:rdx m:rip::1:0xe0154:8
e0f84	call	m:rip::1:0xe8a36:8
e0f8a	mov	r:rcx m:rsp::1:0x38:8
e0f8f	mov	r:rdx m:rsp::1:0x68:8
e0f94	mov	r:rax r:rcx
e0f97	add	r:rax r:rdx
e0f9a	mov	m:rsp::1:0x28:8 r:rax
e0f9f	cmp	r:rax r:rcx
e0fa2	jb	i:0xe0fc0
e0fa4	jmp	i:0xe0fb3
e0fa6	lea	r:rdi m:rip::1:0xe0143:8
e0fad	call	m:rip::1:0xe8995:8
e0fb3	mov	r:rax m:rsp::1:0x28:8
e0fb8	cmp	r:rax i:0x10
e0fbc	jb	i:0xe0fcd
e0fbe	jmp	i:0xe0fef
e0fc0	lea	r:rdi m:rip::1:0xe0129:8
e0fc7	call	m:rip::1:0xe8963:8
e0fcd	mov	r:rdi m:rsp::1:0x30:8
e0fd2	mov	r:rsi m:rsp::1:0x78:8
e0fd7	mov	r:rax m:rsp::1:0x28:8
e0fdc	shl	r:rax i:0x6
e0fe0	add	r:rsi r:rax
e0fe3	call	m:rip::1:0xeaa7f:8
e0fe9	test	r:al i:0x1
e0feb	jne	i:0xe101f
e0fed	jmp	i:0xe1006
e0fef	mov	r:rdi m:rsp::1:0x28:8
e0ff4	mov	r:esi i:0x10
e0ff9	lea	r:rdx m:rip::1:0xe0108:8
e1000	call	m:rip::1:0xe89ba:8
e1006	mov	r:rax m:rsp::1:0x68:8
e100b	mov	r:ecx i:0x4
e1010	mul	r:rcx
e1013	mov	m:rsp::1:0x20:8 r:rax
e1018	seto	r:al
e101b	jo	i:0xe109a
e101d	jmp	i:0xe107e
e101f	lea	r:rdi m:rsp::1:0x1a8:8
e1027	lea	r:rsi m:rip::1:-0xac0e2:8
e102e	mov	r:edx i:0x1d
e1033	lea	r:rcx m:rip::1:0xe0146:8
e103a	call	m:rip::1:0xe8b48:8
e1040	mov	r:rax m:rsp::1:0x88:8
e1048	mov	r:rcx m:rsp::1:0x1a8:8
e1050	mov	m:rax::1:0x8:8 r:rcx
e1054	mov	r:rcx m:rsp::1:0x1b0:8
e105c	mov	m:rax::1:0x10:8 r:rcx
e1060	mov	r:rcx m:rsp::1:0x1b8:8
e1068	mov	m:rax::1:0x18:8 r:rcx
e106c	movabs	r:rcx i:-0x7fffffffffffffff
e1076	mov	m:rax::1:0x0:8 r:rcx
e1079	jmp	i:0xe0d1f
e107e	mov	r:rcx m:rsp::1:0x20:8
e1083	mov	r:rdx m:rsp::1:0x48:8
e1088	mov	r:rax r:rcx
e108b	add	r:rax r:rdx
e108e	mov	m:rsp::1:0x18:8 r:rax
e1093	cmp	r:rax r:rcx
e1096	jb	i:0xe10b4
e1098	jmp	i:0xe10a7
e109a	lea	r:rdi m:rip::1:0xe007f:8
e10a1	call	m:rip::1:0xe88a1:8
e10a7	mov	r:rax m:rsp::1:0x18:8
e10ac	cmp	r:rax i:0x10
e10b0	jb	i:0xe10c1
e10b2	jmp	i:0xe10f4
e10b4	lea	r:rdi m:rip::1:0xe0065:8
e10bb	call	m:rip::1:0xe886f:8
e10c1	mov	r:rax m:rsp::1:0x48:8
e10c6	mov	r:rcx m:rsp::1:0x78:8
e10cb	mov	r:rdx m:rsp::1:0x18:8
e10d0	shl	r:rdx i:0x6
e10d4	add	r:rcx r:rdx
e10d7	add	r:rcx i:0x20
e10db	mov	m:rsp::1:0x8:8 r:rcx
e10e0	mov	r:ecx i:0x4
e10e5	mul	r:rcx
e10e8	mov	m:rsp::1:0x10:8 r:rax
e10ed	seto	r:al
e10f0	jo	i:0xe1126
e10f2	jmp	i:0xe110b
e10f4	mov	r:rdi m:rsp::1:0x18:8
e10f9	mov	r:esi i:0x10
e10fe	lea	r:rdx m:rip::1:0xe0033:8
e1105	call	m:rip::1:0xe88b5:8
e110b	mov	r:rcx m:rsp::1:0x10:8
e1110	mov	r:rdx m:rsp::1:0x68:8
e1115	mov	r:rax r:rcx
e1118	add	r:rax r:rdx
e111b	mov	m:rsp::1:0x0:8 r:rax
e111f	cmp	r:rax r:rcx
e1122	jb	i:0xe113f
e1124	jmp	i:0xe1133
e1126	lea	r:rdi m:rip::1:0xe0023:8
e112d	call	m:rip::1:0xe8815:8
e1133	mov	r:rax m:rsp::1:0x0:8
e1137	cmp	r:rax i:0x10
e113b	jb	i:0xe114c
e113d	jmp	i:0xe1186
e113f	lea	r:rdi m:rip::1:0xe000a:8
e1146	call	m:rip::1:0xe87e4:8
e114c	mov	r:rsi m:rsp::1:0x78:8
e1151	mov	r:rax m:rsp::1:0x0:8
e1155	shl	r:rax i:0x6
e1159	add	r:rsi r:rax
e115c	add	r:rsi i:0x20
e1160	lea	r:rdi m:rsp::1:0x188:8
e1168	call	i:0xf0ed0
e116d	mov	r:rdi m:rsp::1:0x8:8
e1172	lea	r:rsi m:rsp::1:0x188:8
e117a	call	m:rip::1:0xea8e8:8
e1180	test	r:al i:0x1
e1182	jne	i:0xe11af
e1184	jmp	i:0xe119c
e1186	mov	r:rdi m:rsp::1:0x0:8
e118a	mov	r:esi i:0x10
e118f	lea	r:rdx m:rip::1:0xdffd2:8
e1196	call	m:rip::1:0xe8824:8
e119c	lea	r:rdi m:rsp::1:0x188:8
e11a4	call	m:rip::1:0xe8c46:8
e11aa	jmp	i:0xe0ea5
e11af	lea	r:rdi m:rsp::1:0x188:8
e11b7	call	m:rip::1:0xe8c33:8
e11bd	jmp	i:0xe101f
