case	bits	N	p	q
0	128	296650821743515430283258444261036507151	16925480323643806501	17526877587580975651
1	128	234961326039108080654922727632980982203	12827594434388062723	18316865819301750761
2	128	203142572613909777512536169955963252179	13665602993501525119	14865247637481581741
3	128	181561092481541405721500501050640880913	10516809351916292539	17263895009037007267
4	128	282234226531116101168170344234316231519	15415145518017063883	18308891486054648893
5	128	171887150162794056508899275641924039573	12996602939690191951	13225544471922709723
6	128	276056063402314064067634959653933525053	14984847411788819729	18422347309665384557
7	128	251224102037941487313557971872414174319	15458366501577404287	16251659061926501137
8	128	209259200676777225076989741143809314433	11575966907899769261	18077038604349567653
9	128	203508693483753063435821334881593383971	13586609112844274489	14978622833225070139
10	128	183220399990881353582182236603020931037	13394162677453369831	13679123092875337627
11	128	179194024922000628625960926357669452071	11203728499773240901	15994142032773058171
12	128	188661799001223939760354548330308548907	11378914394117051939	16579947125603028313
13	128	260092085581340503529857096408582521497	15495686376843407393	16784805736002724729
14	128	254645744041469277107821509742533549959	14810421686861315171	17193686272104710029
15	128	209895726485378806417839720821519347277	14095401179304061957	14891078573454414761
