power_bit	measured_bit	zero_mass	one_mass	retained_residues
35	1	9671406556917033397649408	9671406556917033397649408	2
34	0	19342813113834066795298816	19342813113834066795298816	4
33	0	38685626227674665786147968	38685626227674665786147968	8
32	1	77371252455374105721509236	77371252455374105721509236	16
31	0	154742504910782406954759260	154742504910782406954759260	32
30	1	309485009821638858536184436	309485009821638858536184436	64
29	0	618970019643430147206139672	618970019643430147206139672	128
28	1	2009790712017597230552965550	466089366556222777765828698	175
27	0	1211814825364805446850267474	652542640860645678720332974	175
26	0	1988986130324969818770513822	245235919844853721482030821	175
25	1	62873420905948962521625354	2403935559648490541278451135	175
24	0	2870021736916269017585362079	15530297378724304346450176	175
23	1	4089173686208067821532053	3213600948930853322356848564	175
22	1	1364600668477700769705831	3225882440785868412197283715	175
21	0	3319044367920231850339162187	265774751918066095735816	175
20	0	3371688329686371915856455917	84392808406363213880813	175
19	0	3372095010314057642943757392	13615641059119003575509	175
18	0	3385216030512941104141965491	6988240328599637275109	175
17	1	1711379025407346956943	3378501106852348747344589092	175
16	0	3381858354351232408325191812	412146945956210642283	175
15	0	3383539855416323911466664348	95022530816809214355	175
14	1	19727822737238732679	3384381326451015163491020343	175
13	1	3630020444097779338	3384802241527243122431050648	175
12	1	1559092495956509335	3385012742671236491895389524	175
11	0	3384907491995862348007862488	345099563015653603	175
10	0	3384960117351252658578725641	63945162666776933	175
9	1	20748457982713248	3384986430720206062000560777	175
8	1	3586128628060530	3384999587578843864341047424	175
7	1	1502032947954498	3384993009148512733217287596	175
6	0	3384989719946034428834708582	326759948640777	175
5	1	57315970785221	3384991364549079876894408692	175
4	1	22827876705423	3384992186849870880033417917	175
3	1	4784930524161	3384992598000535755542670356	175
2	1	825414306388	3384992392425429768802056695	175
1	0	1692496144818672227508707104	1692496144818672227508707104	350
0	0	3384992289637817270124787635	3384992289637817270124787635	700
